,x0,f(x0),Iterações,Tempo,Epsilon,Valor inicial
0,0.34212211881327614,6.042528519212276e-09,4.0,27600.0,1e-07,0.5122722472837338
1,0.3684616848148109,7.771561172376096e-16,3.0,20000.0,1e-07,0.4117316998096393
2,0.759783769073842,-6.381848105529997e-09,2.0,14000.0,1e-07,0.7078099820670065
3,0.09228243456084183,3.2245438957856365e-12,3.0,20900.0,1e-07,0.06170109073111518
4,0.25336689792688694,1.9988039001717084e-12,4.0,26100.0,1e-07,0.8779481817138773
5,0.829111363156913,1.0025313912365164e-13,3.0,20400.0,1e-07,0.9904251265564142
6,0.4799390051746587,6.085347725726109e-09,2.0,13900.0,1e-07,0.41255147369776
7,0.4046375615088066,-3.532546477558185e-11,3.0,20400.0,1e-07,0.5695473118127249
8,0.36719956917317315,1.4689805986206617e-09,2.0,13900.0,1e-07,0.41789332472451135
9,0.44416222814803014,9.706013770482969e-12,3.0,20100.0,1e-07,0.07300739838025239
10,0.15800732981365173,1.833385873672988e-15,4.0,26200.0,1e-07,0.491103384824225
11,0.4949395622775339,-3.5629513228663257e-11,3.0,19600.0,1e-07,0.4138848094157137
12,0.787688964304429,1.316456943456501e-10,4.0,26500.0,1e-07,0.2343257136582807
13,0.6062877363142315,-2.3505000300294565e-08,2.0,13900.0,1e-07,0.5298464099262781
14,0.9878981023064468,1.3877787807814457e-16,4.0,26100.0,1e-07,0.6932124262158543
15,0.05136673937790553,-1.147881269203399e-10,3.0,20200.0,1e-07,0.12621794435837275
16,0.8141754236392321,5.940384823800715e-09,2.0,13800.0,1e-07,0.9324727256200682
17,0.008723395623820915,-1.3797704298545987e-10,3.0,20100.0,1e-07,0.22356724149307672
18,0.4986081716159196,-2.7755575615628914e-17,3.0,19700.0,1e-07,0.6188716143101823
19,0.5931750429066908,7.066539686739759e-09,2.0,14100.0,1e-07,0.5381381390228757
20,0.6833539789851405,-1.3856418790147984e-10,3.0,20000.0,1e-07,0.5562645556029729
21,0.5774352017076745,2.5269552006434992e-09,3.0,20900.0,1e-07,0.33593636835927954
22,0.7018323129892021,1.4558632077665834e-11,3.0,20200.0,1e-07,0.8920139993647686
23,0.6818164888279752,9.484769636358692e-10,3.0,19900.0,1e-07,0.9431380147503255
24,0.32054989465477624,-1.0824674490095276e-14,3.0,20300.0,1e-07,0.37434308932665217
25,0.20113062915475577,-5.176634121362156e-11,2.0,14200.0,1e-07,0.2407909288771195
26,0.5566354990957361,5.923207446745238e-08,7.0,43300.0,1e-07,0.024004429812714
27,0.5707756413422783,4.163336342344337e-17,3.0,20300.0,1e-07,0.7407681475876383
28,0.39281976318988493,-9.194110472954264e-10,3.0,17400.0,1e-07,0.5660196707772659
29,0.6824864413303278,3.2637226254905727e-12,3.0,17300.0,1e-07,0.5203790883195633
30,0.5287131289712231,3.886967137045616e-12,3.0,17200.0,1e-07,0.8416300365637869
31,0.0009498107710578692,-1.5095344569281653e-08,3.0,17300.0,1e-07,0.22951913119544265
32,0.8439671365080522,5.000302949476065e-10,2.0,11900.0,1e-07,0.9080616787815136
33,0.23974336640889307,1.6284196213689484e-13,4.0,22400.0,1e-07,0.491113033246511
34,0.1209857679255677,-3.1762106833532755e-11,5.0,27800.0,1e-07,0.5203182475285052
35,0.8017717444153161,3.016471106231933e-08,4.0,22600.0,1e-07,0.9777488775874998
36,0.5312504252594117,-6.604050639680281e-12,4.0,22500.0,1e-07,0.684480166722313
37,0.8915373763103718,1.793554194051694e-11,5.0,27800.0,1e-07,0.16883843138106003
38,0.5568435700723613,6.547540287726861e-14,4.0,22400.0,1e-07,0.9853345388360976
39,0.6371628059762933,4.5187284414272e-08,4.0,22700.0,1e-07,0.03652654744537098
40,0.765634255020468,1.9285795183066057e-11,2.0,12100.0,1e-07,0.8053622178617548
41,0.5765078470314685,2.7977815064694767e-08,3.0,17300.0,1e-07,0.2614721437366011
42,0.8832536638830417,1.1834866420201706e-11,2.0,12000.0,1e-07,0.9209865694334316
43,0.20947573852447857,4.052480573335515e-12,2.0,12200.0,1e-07,0.18836876436254224
44,0.8372751169325281,7.771561172376096e-16,5.0,27900.0,1e-07,0.07915917653663851
45,0.6096475119445675,3.0309088572266774e-14,3.0,17300.0,1e-07,0.630990090874877
46,0.4336616846482353,-6.221134718487065e-13,4.0,22200.0,1e-07,0.394587121970599
47,0.4319007964377209,3.0741885599649965e-11,2.0,11900.0,1e-07,0.4692865964044438
48,0.6432760188868905,-6.517081746482134e-08,2.0,12000.0,1e-07,0.5996985052430023
49,0.5015496149804793,1.9081958235744878e-17,3.0,17500.0,1e-07,0.662994424574388
50,0.2921511166257959,-7.494005416219807e-16,5.0,27800.0,1e-07,0.4233676646662695
51,0.8796287332737333,-2.9055770844887974e-08,3.0,17100.0,1e-07,0.6968045691709257
52,0.4943621987391195,4.097582551043644e-09,3.0,17400.0,1e-07,0.009648807528672254
53,0.4257360334517422,1.1102230246251565e-15,3.0,17400.0,1e-07,0.35107714531803136
54,0.8719489642569163,1.9147028407218158e-10,4.0,22600.0,1e-07,0.5584535346398147
55,0.6730013511201979,4.385490859348806e-10,2.0,12400.0,1e-07,0.6412523456341046
56,0.8013809278806133,-2.7755575615628914e-17,4.0,22100.0,1e-07,0.605019224930443
57,0.880094261215767,6.525479046004534e-10,2.0,12000.0,1e-07,0.9293699904872759
58,0.6581575653518995,-2.7372548672133235e-13,5.0,27600.0,1e-07,0.670617408705111
59,0.5912485722163566,0.0,3.0,17300.0,1e-07,0.7041452231386709
60,0.9891328106275139,-2.7755575615628914e-17,4.0,22600.0,1e-07,0.6349269238324665
61,0.3601459018729546,1.071365218763276e-13,3.0,17100.0,1e-07,0.5298159429249499
62,0.6548108704887572,-9.908740494779522e-15,3.0,17100.0,1e-07,0.5665309028608198
63,0.34058366025070064,-1.0136458339360388e-10,3.0,17400.0,1e-07,0.27091712546168223
64,0.7218600001786353,3.6120550994667155e-12,3.0,17200.0,1e-07,0.9601247307408908
65,0.6785455474086923,6.231141824741826e-09,4.0,22600.0,1e-07,0.9546800782998321
66,0.43161209666159156,-1.734723475976807e-17,3.0,17200.0,1e-07,0.5457219027714578
67,0.4596232537036578,4.6509593051857756e-11,3.0,17200.0,1e-07,0.8069425167658241
68,0.11722718886216937,-8.96638319147769e-12,4.0,22600.0,1e-07,0.25032022466168524
69,0.20815777372717267,2.914335439641036e-16,5.0,27500.0,1e-07,0.6718628677625355
70,0.23692931496804343,7.795680333905208e-13,4.0,22700.0,1e-07,0.8749383931078466
71,0.7496449135101071,2.220446049250313e-16,4.0,22400.0,1e-07,0.28102084113320147
72,0.4128526582600853,4.276358134269742e-08,4.0,22500.0,1e-07,0.6116119017395276
73,0.4640678804769906,-8.132383655379272e-14,3.0,17400.0,1e-07,0.4243682170506051
74,0.6134386134965893,2.4510734664140443e-08,3.0,17600.0,1e-07,0.15936879302427986
75,0.7909253837908116,3.2074497502421195e-09,3.0,17300.0,1e-07,0.551566539085943
76,0.7905272209468329,2.94320123828129e-13,5.0,27500.0,1e-07,0.006913089470740874
77,0.06376675341109021,-6.788816730995961e-11,4.0,22600.0,1e-07,0.424129549937437
78,0.43806419034453614,1.1352066509040526e-09,2.0,12100.0,1e-07,0.37521723722711287
79,0.32132955390692863,8.707617960013181e-13,4.0,22500.0,1e-07,0.7480250004907573
80,0.40282114721463935,-3.8542519870121694e-11,2.0,12200.0,1e-07,0.3725537065103951
81,0.5749916934809982,2.6741632186411124e-08,2.0,11800.0,1e-07,0.666881897447363
82,0.09135520623293238,6.916760574016134e-08,2.0,12200.0,1e-07,0.012712562942748251
83,0.4306534939102162,4.317818566579312e-08,3.0,17400.0,1e-07,0.6969795143257653
84,0.8965183626079375,1.693688306270147e-08,2.0,12300.0,1e-07,0.976187862266332
85,0.30402380549955443,-1.855465781019916e-11,2.0,12200.0,1e-07,0.32213226667242834
86,0.17217381338441465,4.020614022270941e-08,1.0,6800.0,1e-07,0.16947154131892905
87,0.10231070051676715,5.799025105598932e-11,5.0,27500.0,1e-07,0.99453777658951
88,0.4595391859305072,1.3001100196419202e-11,2.0,12200.0,1e-07,0.43471021674113897
89,0.42538229637104247,6.862545864905201e-09,4.0,22400.0,1e-07,0.7367640764838133
90,0.8408186557135088,-2.1542249761807852e-08,3.0,17400.0,1e-07,0.5826015488778099
91,0.14648946956439945,6.414982196487062e-09,3.0,17400.0,1e-07,0.23781057691888174
92,0.1370264949726145,-4.881403184442412e-09,3.0,17600.0,1e-07,0.29967627476770387
93,0.7535085762375179,-4.056312202793677e-09,3.0,17300.0,1e-07,0.5948070341208775
94,0.3103206067052536,-1.1102230246251565e-16,3.0,17600.0,1e-07,0.42271005902469483
95,0.48718716204531964,5.197741959062085e-10,4.0,22500.0,1e-07,0.9635579515893934
96,0.46874078808290814,6.404040492347107e-12,3.0,17300.0,1e-07,0.7669603481324168
97,0.2975790368980532,0.0,3.0,17400.0,1e-07,0.37332221197990456
98,0.823835859244439,1.479979472307491e-10,1.0,6700.0,1e-07,0.8242546085378
99,0.9047989880363491,-4.595679567453992e-08,4.0,22300.0,1e-07,0.5677134688023587
100,0.2319779147056076,-7.034985094467316e-10,4.0,22900.0,1e-07,0.5447688686619893
101,0.9027380744440651,1.7326162726760685e-10,4.0,22400.0,1e-07,0.6814354210653305
102,0.9389627587930972,6.52811138479592e-14,5.0,28000.0,1e-07,0.6619515241144012
103,0.7735839529141789,3.8898717580337916e-10,5.0,40900.0,1e-07,0.2639699279804356
104,0.7403919796897278,2.8236302185291606e-12,4.0,22600.0,1e-07,0.21022945964563844
105,0.5735675032812118,6.161737786669619e-15,3.0,17600.0,1e-07,0.5099835896415023
106,0.595732017788446,-2.6489921367556235e-13,3.0,17100.0,1e-07,0.6595492817095281
107,0.32370166491256325,4.9758808184918735e-14,3.0,17300.0,1e-07,0.4511862187527137
108,0.2533521033724886,0.0,3.0,17300.0,1e-07,0.07949039101192257
109,0.8563664846767123,8.423020447789753e-08,4.0,22600.0,1e-07,0.059491365293852905
110,0.4348338813974156,-3.321054542482216e-11,5.0,27800.0,1e-07,0.5444284589960589
111,0.41896128599770616,5.551115123125783e-17,3.0,17200.0,1e-07,0.2286238846442583
112,0.6888629464256855,7.864542350688453e-14,2.0,12100.0,1e-07,0.7120246720789535
113,0.40517942771402565,1.64449426298674e-11,3.0,17300.0,1e-07,0.6917847956687073
114,0.7981370807895595,4.36335253484188e-08,3.0,17800.0,1e-07,0.5274911916113721
115,0.2737029794965691,1.522393322517246e-14,4.0,22600.0,1e-07,0.5005649157307407
116,0.1242774218041837,2.168404344971009e-17,4.0,22400.0,1e-07,0.29993537268581016
117,0.22009602551823146,1.0408340855860843e-17,5.0,27700.0,1e-07,0.8476964438302702
118,0.6161916553558471,8.893369385365446e-08,4.0,22400.0,1e-07,0.8784397943682906
119,0.9514951403142242,3.4139180038472716e-08,5.0,27800.0,1e-07,0.6270496203612412
120,0.17466352257997048,-5.551115123125783e-17,5.0,28600.0,1e-07,0.5526880430560255
121,0.6031084688324397,5.834221994405198e-13,3.0,17400.0,1e-07,0.37515422579269087
122,0.42026978262665166,-5.551115123125783e-17,3.0,17200.0,1e-07,0.4780246389588668
123,0.6751207885779246,-2.5157037009115868e-09,2.0,12100.0,1e-07,0.6135074155466276
124,0.06162254093473627,-5.121514323747078e-12,2.0,12200.0,1e-07,0.10915675520733648
125,0.4222630044918357,4.196643033083092e-14,3.0,17600.0,1e-07,0.13632394091282052
126,0.08855046956291934,-1.0234868508263162e-16,3.0,17100.0,1e-07,0.10517757539419093
127,0.3947600744864186,-5.6872090092863203e-08,2.0,12100.0,1e-07,0.4733874383536212
128,0.6900143531962043,2.8245183969488608e-12,3.0,17300.0,1e-07,0.9215857300237565
129,0.33867881385694,6.494804694057166e-15,4.0,22500.0,1e-07,0.018115263079018007
130,0.47265800991464996,2.9533320233809945e-13,3.0,17400.0,1e-07,0.6971075478455383
131,0.5499234672051451,4.1314790477642305e-10,3.0,17000.0,1e-07,0.7925788626799775
132,0.610532730672739,2.1243007353177745e-12,3.0,17400.0,1e-07,0.3822604093402997
133,0.05901874777815618,-9.673181700087241e-09,2.0,12200.0,1e-07,0.15568549242570828
134,0.4291311683873896,6.055245743707971e-08,2.0,12300.0,1e-07,0.3253781024488622
135,0.6562785722669537,2.120525977034049e-14,4.0,22700.0,1e-07,0.3376048758145208
136,0.13077654641940292,1.3877787807814457e-17,3.0,17000.0,1e-07,0.0022299659935772764
137,0.3181162190870053,5.044853423896711e-13,3.0,17300.0,1e-07,0.09765146873699337
138,0.45916698210608653,4.829470157119431e-15,4.0,22600.0,1e-07,0.23286353743384214
139,0.7702268072990988,4.4576788926775635e-09,4.0,22500.0,1e-07,0.923688438666274
140,0.72026038769077,-1.069970448352997e-08,2.0,12300.0,1e-07,0.6680735159487527
141,0.15663749340216404,-1.0376569048453632e-10,3.0,17300.0,1e-07,0.3408356665984824
142,0.6866356982562758,5.551115123125783e-17,3.0,17300.0,1e-07,0.7863728931346815
143,0.7198207408084445,1.2472973764943163e-08,2.0,12100.0,1e-07,0.6906102094784117
144,0.4858306440962635,0.0,3.0,17500.0,1e-07,0.35881391957262065
145,0.2540555190388556,2.2407926660028554e-09,4.0,24000.0,1e-07,0.9512281693708982
146,0.3787412294378203,1.5837445660471516e-09,4.0,22500.0,1e-07,0.9185815380575036
147,0.566596755372754,1.1102230246251565e-16,3.0,17600.0,1e-07,0.4656578319647795
148,0.6940419242070143,8.859579736508749e-14,5.0,27700.0,1e-07,0.17476514548817057
149,0.9420884385862837,1.7110013406096414e-10,4.0,22700.0,1e-07,0.7337728181775739
150,0.20261827099235,4.359506103335242e-09,5.0,28100.0,1e-07,0.32558177399734733
151,0.3812090384600917,1.3318513791826803e-09,3.0,17300.0,1e-07,0.5925087779551033
152,0.881625791633266,1.3532952536365883e-11,2.0,12200.0,1e-07,0.868583216904154
153,0.5832107420549556,1.0600012867456599e-08,3.0,17600.0,1e-07,0.3136833100078914
154,0.13565848751448692,3.910587131894516e-14,5.0,27700.0,1e-07,0.9981055408057541
155,0.4122793542297407,6.113609618552118e-11,3.0,17500.0,1e-07,0.16655689048470834
156,0.8273646789479446,-1.6724488460795328e-10,5.0,27200.0,1e-07,0.7151979944554384
157,0.5037022418439436,1.1102230246251565e-16,3.0,17600.0,1e-07,0.345152274111473
158,0.40686860084192045,8.882406567212175e-09,2.0,12000.0,1e-07,0.4671275306490247
159,0.27972328103885435,-2.7755575615628914e-17,3.0,17400.0,1e-07,0.08624788913256765
160,0.961032621557027,1.341149413747189e-13,3.0,17300.0,1e-07,0.9820378903917913
161,0.2138698139081526,9.763630876014062e-14,4.0,22400.0,1e-07,0.7026059723666848
162,0.9508918144745222,2.2026824808563106e-13,6.0,33300.0,1e-07,0.08376480871563963
163,0.27820534592822,2.8524678799546344e-08,4.0,22700.0,1e-07,0.969688030173199
164,0.4649690663711412,3.687738746316338e-09,3.0,17400.0,1e-07,0.8960765945368144
165,0.8090675424350612,-4.878271064878703e-08,1.0,6700.0,1e-07,0.807847954314015
166,0.7548787788662442,1.6397994073713562e-13,5.0,27400.0,1e-07,0.32476784899876
167,0.677640903566591,1.225615942068714e-09,3.0,17400.0,1e-07,0.5030087652412047
168,0.37838008292759623,2.7755575615628914e-17,3.0,17100.0,1e-07,0.2939682301747971
169,0.32904598999708073,7.478228314372615e-10,4.0,22500.0,1e-07,0.5637847955255287
170,0.895503080494499,7.431938398028137e-10,2.0,12100.0,1e-07,0.9597742032730274
171,0.401729243023384,5.803550459648754e-08,4.0,22400.0,1e-07,0.059969599556758846
172,0.006081394622281851,-4.5136036230623844e-08,2.0,12100.0,1e-07,0.12869892729858667
173,0.0031768044737457797,-3.1526670293477443e-10,3.0,17400.0,1e-07,0.2388367370913339
174,0.9062482873465079,1.65943044860839e-08,4.0,23000.0,1e-07,0.4331408928328446
175,0.5779810182885766,1.9123591599168321e-13,4.0,22700.0,1e-07,0.19973143856672626
176,0.1505683400911744,3.152339500545054e-14,3.0,17400.0,1e-07,0.049361562973541995
177,0.5214091096574305,1.674882454949511e-11,3.0,17300.0,1e-07,0.21320200594950312
178,0.7374055807364641,7.712759086953014e-08,1.0,6700.0,1e-07,0.7404097105726831
179,0.4818306924938459,4.868688785464315e-12,6.0,32900.0,1e-07,0.248089680854656
180,0.9686200405160368,0.0,3.0,17400.0,1e-07,0.9364120227195839
181,0.7409189953144474,-2.7755575615628914e-16,3.0,17100.0,1e-07,0.637189902626747
182,0.847352541602901,-7.812549707164607e-08,3.0,17400.0,1e-07,0.6776470322434948
183,0.7461590896951975,8.744727597598256e-08,3.0,17300.0,1e-07,0.8898828078610332
184,0.5449983121159997,-3.9188097211706463e-13,3.0,17300.0,1e-07,0.4857743694557942
185,0.6970667832725829,5.3012205736280293e-11,3.0,17200.0,1e-07,0.8638803479995947
186,0.5930457759565252,1.1556033907567098e-12,3.0,17200.0,1e-07,0.7651954368895921
187,0.8406104530577784,0.0,5.0,27800.0,1e-07,0.053019650295588194
188,0.22528827229985374,0.0,3.0,17500.0,1e-07,0.0371579387283989
189,0.6646655921010901,-5.04938757472928e-10,2.0,12100.0,1e-07,0.6913231491282358
190,0.6036523522511087,3.0491603686400026e-10,4.0,22700.0,1e-07,0.4205947015823458
191,0.40152435516064316,2.7453178619296636e-12,4.0,22400.0,1e-07,0.7193497795744112
192,0.4175970612428211,6.156229820364345e-08,2.0,12000.0,1e-07,0.33642491350404724
193,0.418094340060055,4.803935027553052e-13,3.0,17100.0,1e-07,0.10208728558986535
194,0.6535570525638715,8.348877145181177e-13,3.0,17500.0,1e-07,0.9021734588213856
195,0.30028071911237136,8.512471977306646e-11,3.0,17300.0,1e-07,0.46511422107452915
196,0.9072757780290321,1.0955847340454739e-10,5.0,27700.0,1e-07,0.841539707623769
197,0.7008575227602901,1.1467032878798022e-10,6.0,32800.0,1e-07,0.22409763628692614
198,0.798117955107682,-1.6805171615397185e-08,4.0,22600.0,1e-07,0.5276767071167373
199,0.02726851893098657,9.226031160434241e-08,3.0,17400.0,1e-07,0.015567987944378414
200,0.5774539720644885,-6.938893903907228e-18,3.0,17300.0,1e-07,0.729170451348402
201,0.5802673934889295,-6.938893903907228e-17,3.0,17000.0,1e-07,0.6835125533542811
202,0.8299811570911761,2.415747757389397e-08,5.0,27800.0,1e-07,0.28258695790794686
203,0.6138900483396513,4.5324854980322016e-14,3.0,17400.0,1e-07,0.7438685411682955
204,0.6989959248165472,4.2932324362254803e-13,3.0,17300.0,1e-07,0.6307104949033954
205,0.38252038123855225,1.3757904968048074e-08,3.0,17300.0,1e-07,0.6957137207838784
206,0.019367467858602744,-3.9669656448637625e-13,5.0,27300.0,1e-07,0.34663932189073654
207,0.25453213869278835,2.4040575294370647e-09,4.0,22400.0,1e-07,0.457346537701943
208,0.12432381495720829,1.1472489624964055e-12,2.0,12100.0,1e-07,0.08308245320742136
209,0.03403236254527941,6.938893903907228e-18,4.0,22600.0,1e-07,0.3710185806591684
210,0.2714146209593636,-1.815214645262131e-14,2.0,12200.0,1e-07,0.2886394675005013
211,0.03705806155669994,-2.3370194668359545e-14,6.0,33100.0,1e-07,0.35265807202671917
212,0.2106962110088607,1.8952200919741813e-12,2.0,12100.0,1e-07,0.19860799806942853
213,0.8439316666271657,-6.592999479693162e-10,3.0,17200.0,1e-07,0.7180977860626612
214,0.3235712853601768,-3.739186016371576e-09,2.0,12100.0,1e-07,0.3990123487069974
215,0.30834937065430684,3.162617424889991e-10,3.0,17200.0,1e-07,0.5937931974540129
216,0.0924328913519572,-1.942890293094024e-16,5.0,27600.0,1e-07,0.4913084691615913
217,0.9801391329168176,1.8540724511240114e-14,2.0,12000.0,1e-07,0.9998034690575698
218,0.2574348515723522,9.338802925418221e-10,4.0,22300.0,1e-07,0.7425520619818212
219,0.6357128815917066,3.4611202792689255e-14,3.0,17300.0,1e-07,0.8431253437975441
220,0.3506525575191533,6.558642517973112e-14,4.0,22500.0,1e-07,0.27404953902445217
221,0.5955846447675776,9.213362750504217e-08,3.0,17100.0,1e-07,0.9979271298404946
222,0.8568376191837609,-1.3087714245685333e-10,3.0,17300.0,1e-07,0.6899582260767914
223,0.4254851268943751,3.0077387802585065e-10,3.0,17300.0,1e-07,0.710939330151688
224,0.5732076540394685,8.586881206085195e-16,3.0,17100.0,1e-07,0.797925478595823
225,0.5047629077249788,5.539539382759529e-10,3.0,17500.0,1e-07,0.11594807116965533
226,0.47708424474198446,1.9486994434769755e-08,4.0,22300.0,1e-07,0.8759359501892771
227,0.41786225136739286,6.5343841448850526e-12,3.0,17200.0,1e-07,0.4870093763870338
228,0.6917980454328803,-8.856379296595662e-09,4.0,22300.0,1e-07,0.49542979155467326
229,0.6998054967220944,-1.3877787807814457e-17,4.0,22300.0,1e-07,0.4695699414213802
230,0.9386422260668159,-1.6431300764452317e-14,4.0,22600.0,1e-07,0.6183509395552501
231,0.46997839976521244,1.2326373810545022e-09,6.0,32800.0,1e-07,0.9249143906962025
232,0.14270093862240274,1.3877787807814457e-17,4.0,22600.0,1e-07,0.27329626316487277
233,0.6133121974442521,1.5441181389075354e-09,3.0,17200.0,1e-07,0.9059168428861863
234,0.4626523678210275,4.0363917763741597e-10,3.0,17300.0,1e-07,0.540252700828266
235,0.7015814615765372,1.304512053934559e-15,3.0,17400.0,1e-07,0.8819594514090184
236,0.3310237541431731,9.303668946358812e-14,3.0,17300.0,1e-07,0.07061288666977816
237,0.3107567089295113,5.263567359747867e-13,2.0,12000.0,1e-07,0.3185874201919979
238,0.48049285315132334,5.551115123125783e-17,3.0,17600.0,1e-07,0.5470899309788416
239,0.07522554635272909,-6.347902758996327e-11,7.0,38500.0,1e-07,0.24340958483201602
240,0.0350942788078117,-4.510281037539698e-16,5.0,27900.0,1e-07,0.3427011312642202
241,0.4275413335446256,0.0,3.0,17100.0,1e-07,0.5406761835024836
242,0.5573882802849939,2.4353747296590456e-08,2.0,12000.0,1e-07,0.6394779121771121
243,0.4348577217191702,1.1398874899537503e-11,3.0,17200.0,1e-07,0.7103286311848968
244,0.12502302387238426,1.7322528949453853e-09,6.0,32900.0,1e-07,0.9860176713685302
245,0.21541840221211386,2.42861286636753e-17,5.0,45700.0,1e-07,0.868167961528812
246,0.7947598926321183,-3.4728378506265756e-09,4.0,22800.0,1e-07,0.5937134283227126
247,0.42134601069127914,9.460340566480596e-09,3.0,17500.0,1e-07,0.227920359870185
248,0.6214995262695517,1.8716891037051653e-08,2.0,12200.0,1e-07,0.571205297955781
249,0.25276251363764535,3.0531133177191805e-16,3.0,17100.0,1e-07,0.08564544283809894
250,0.6359723137410395,-4.7031822880683194e-14,6.0,32800.0,1e-07,0.3999893258596674
251,0.8512242206230982,1.1690648449302898e-13,5.0,27700.0,1e-07,0.49687813219246146
252,0.6310269584107825,2.7755575615628914e-16,4.0,22500.0,1e-07,0.48508893831570654
253,0.5421283845422229,5.396353547348909e-08,3.0,17200.0,1e-07,0.14925146261857847
254,0.10837751268099591,-3.318387231665554e-12,2.0,12100.0,1e-07,0.12245850685804316
255,0.4213688596859466,8.547250962553932e-10,3.0,17300.0,1e-07,0.5651961073430455
256,0.22586101225072816,6.723509507131076e-08,4.0,22400.0,1e-07,0.8282778853964007
257,0.9484045929418907,-1.571507701747521e-09,2.0,12000.0,1e-07,0.8754176551688327
258,0.39933491185874376,2.0816681711721685e-17,4.0,22300.0,1e-07,0.9376261414306064
259,0.1467378412732046,7.023374937187299e-14,5.0,27800.0,1e-07,0.7918225437905929
260,0.7277584989504169,-5.5508775631540885e-08,3.0,17300.0,1e-07,0.6356048081077927
261,0.7772531017257155,0.0,5.0,27700.0,1e-07,0.8722552108283755
262,0.9641257998832214,-1.1686485112960554e-12,3.0,17300.0,1e-07,0.7531963840956883
263,0.10624507836607198,7.170091626722622e-08,4.0,22500.0,1e-07,0.6648836523429797
264,0.44311968332922397,8.097758902314567e-08,2.0,12400.0,1e-07,0.3679544806879479
265,0.2922134170615233,3.315171054341093e-12,4.0,22500.0,1e-07,0.9020584946815864
266,0.7598120422636758,-6.716849298982197e-14,2.0,11900.0,1e-07,0.7458835534132089
267,0.38568201512141537,5.551115123125783e-17,3.0,17200.0,1e-07,0.24249010705914242
268,0.3509459355490127,4.655165142253281e-13,3.0,17500.0,1e-07,0.20733740887677987
269,0.8570512230819398,-1.5791257190755914e-09,3.0,17300.0,1e-07,0.7347080671644082
270,0.8701750178678447,2.5853290341881774e-10,2.0,12000.0,1e-07,0.949411574990453
271,0.8444400862894909,-6.159156504259578e-08,2.0,11800.0,1e-07,0.7556228457204239
272,0.941739741158342,2.7755575615628914e-17,7.0,38100.0,1e-07,0.6025308090763768
273,0.7102114144133725,-5.551115123125783e-17,2.0,11900.0,1e-07,0.7147793804668056
274,0.3934011324639825,2.2207651273475904e-09,3.0,17600.0,1e-07,0.6337862972395316
275,0.9602451375970772,-9.990822058547622e-10,5.0,27600.0,1e-07,0.6259720685492962
276,0.13476386170150087,-9.525681771149763e-10,6.0,32700.0,1e-07,0.44558953155117853
277,0.9680389029778569,-4.443215298466363e-08,2.0,11900.0,1e-07,0.8544343583528873
278,0.6639046438852237,1.1102230246251565e-16,3.0,17000.0,1e-07,0.7895248831744309
279,0.30314702864381887,1.440213226455711e-11,3.0,17400.0,1e-07,0.21111276859623107
280,0.6605003572670216,1.1102230246251565e-16,4.0,22400.0,1e-07,0.06101794200203903
281,0.40149251627717514,-2.2990934156474907e-09,2.0,12000.0,1e-07,0.4592153850095988
282,0.1805519484847408,9.817779506038349e-10,3.0,17300.0,1e-07,0.07444135520863038
283,0.6663818275001893,3.3306690738754696e-16,4.0,22400.0,1e-07,0.9440841862351935
284,0.5476471349213273,6.098421767575246e-11,3.0,17300.0,1e-07,0.3147014026105416
285,0.3478571087413922,1.7477683744715478e-09,5.0,27500.0,1e-07,0.9702269954629194
286,0.6805410656297255,9.785414978313867e-08,4.0,22400.0,1e-07,0.9996191968452957
287,0.5042770196575694,-2.5790480862042386e-13,3.0,17200.0,1e-07,0.610315095412456
288,0.2051747486259728,1.9741153156616065e-15,2.0,12200.0,1e-07,0.20815748919097155
289,0.18436465784936934,1.1329132076909332e-13,5.0,27700.0,1e-07,0.9326937813893681
290,0.7011915768819201,7.471800955727304e-14,5.0,27900.0,1e-07,0.06012866039023823
291,0.37867847463924326,1.4507839374289233e-13,3.0,17100.0,1e-07,0.25143707962127837
292,0.3136428739712832,7.625742953765169e-09,3.0,17300.0,1e-07,0.1487458597581327
293,0.7032587521874955,2.554179090452635e-12,3.0,17200.0,1e-07,0.6478954740221223
294,0.6508471723166868,9.458211991386634e-12,4.0,22600.0,1e-07,0.26628736522767826
295,0.5243305536945819,9.442443528462352e-10,3.0,17200.0,1e-07,0.9882479090893798
296,0.9953777426594834,-8.977263377119016e-13,3.0,17100.0,1e-07,0.7719139298058133
297,0.4897252291518109,9.111820672980109e-12,2.0,11900.0,1e-07,0.5247308149275071
298,0.8549326940406217,0.0,3.0,17400.0,1e-07,0.7551881649555442
299,0.5637335407319096,1.0640488490309963e-10,3.0,17500.0,1e-07,0.20405090009868
300,0.5848726767317257,5.551115123125783e-16,5.0,27500.0,1e-07,0.20425956217963837
301,0.7394983018913356,0.0,3.0,17100.0,1e-07,0.8478145530020194
302,0.428953319343541,2.1005419625907962e-13,3.0,17300.0,1e-07,0.12615057172746535
303,0.6319493953813201,9.918497104188795e-08,2.0,12000.0,1e-07,0.7384468976387248
304,0.1899987171113332,-1.3877787807814457e-17,3.0,17300.0,1e-07,0.08267766648872832
305,0.7031409404539353,5.551115123125783e-17,3.0,17300.0,1e-07,0.6485142904995094
306,0.06651074212643225,-4.492448080206657e-13,3.0,17000.0,1e-07,0.2728984928371222
307,0.7403231369886305,9.187069993643604e-10,4.0,22400.0,1e-07,0.2776482721467276
308,0.9358557400608384,-7.547062974566643e-11,3.0,17400.0,1e-07,0.7358999176372739
309,0.034631055549829134,-1.0202026508310258e-08,3.0,17300.0,1e-07,0.1914197185735198
310,0.09667654788568754,3.408846295516188e-11,7.0,37900.0,1e-07,0.7900590577788101
311,0.17036923235529333,-1.5767942507238786e-13,4.0,22400.0,1e-07,0.5031183591366136
312,0.33063136788279146,0.0,3.0,17200.0,1e-07,0.3915494664252064
313,0.40186197239518956,3.2612801348363973e-13,4.0,22500.0,1e-07,0.547310324511729
314,0.3924170540784503,1.6202414410138033e-10,3.0,17500.0,1e-07,0.23951592854853998
315,0.1405626216196218,8.14296546858273e-14,4.0,22600.0,1e-07,0.46627911948533585
316,0.8949129978639366,1.1102230246251565e-16,3.0,17700.0,1e-07,0.7829122638872544
317,0.7451516272080054,-1.0861961524666341e-08,3.0,17100.0,1e-07,0.5978652679896085
318,0.38663703176360575,4.2898608984542896e-08,3.0,17200.0,1e-07,0.5528300985201455
319,0.6397758701153173,1.1102230246251565e-16,4.0,22500.0,1e-07,0.26497063232353213
320,0.6325842335415791,1.3028273182502659e-08,4.0,22500.0,1e-07,0.06028494976505683
321,0.28857228289471626,-2.191005321616757e-08,3.0,17300.0,1e-07,0.5356143758364805
322,0.38281102288717145,-2.0649837395581017e-10,2.0,11900.0,1e-07,0.35851423591568465
323,0.47784501022790654,6.901423876826129e-14,3.0,17100.0,1e-07,0.6230155780340022
324,0.3137339414059455,2.0809742817817778e-14,4.0,22400.0,1e-07,0.6179981601679485
325,0.40845223392723495,7.975670984761152e-09,3.0,17300.0,1e-07,0.33507480057957073
326,0.7865938598673872,8.998357614586894e-14,3.0,17000.0,1e-07,0.89963360587927
327,0.4309043467033948,5.36057309652449e-13,3.0,17100.0,1e-07,0.6025822695571401
328,0.8870820454184737,-1.3319245706355787e-10,2.0,12200.0,1e-07,0.8641835202816972
329,0.5654659359680022,-6.325710268095808e-11,3.0,17000.0,1e-07,0.39770627018865345
330,0.6976272311737742,-5.551115123125783e-17,3.0,17300.0,1e-07,0.5834847963725153
331,0.7858366985865893,6.551097442991649e-08,2.0,11700.0,1e-07,0.9343498174369782
332,0.7075793479243249,3.97814930996887e-09,2.0,12100.0,1e-07,0.7676323832829435
333,0.28002804936031866,-1.8655284927948657e-08,2.0,12100.0,1e-07,0.37201769950766017
334,0.8980472347269477,-1.1102230246251565e-16,3.0,17300.0,1e-07,0.7859843104149914
335,0.5239394869471519,-3.7437886124536135e-11,5.0,27400.0,1e-07,0.31468488339335443
336,0.6290154547745888,9.022338431918797e-12,5.0,27500.0,1e-07,0.8270235362654669
337,0.90271940476079,-5.99134968026771e-09,2.0,11900.0,1e-07,0.8083901567364458
338,0.6432732156989285,6.8134525799123935e-12,3.0,17400.0,1e-07,0.9871555373732739
339,0.858742399358167,-2.7755575615628914e-16,4.0,22500.0,1e-07,0.5358683530861377
340,0.6133955554718798,4.8855681722415056e-08,2.0,12100.0,1e-07,0.5677189544232368
341,0.0035553269468141272,-4.436555289810684e-16,2.0,12100.0,1e-07,0.016336060555735776
342,0.4394010436815939,7.990813261082863e-09,4.0,22500.0,1e-07,0.9523635445159464
343,0.39904185382166196,6.505468866380149e-08,2.0,11900.0,1e-07,0.4573520639416798
344,0.38210579523050375,8.326672684688674e-17,4.0,22500.0,1e-07,0.037696904055308456
345,0.6058044423058884,-4.966026589947603e-09,1.0,6800.0,1e-07,0.6051037581035137
346,0.615104549683149,2.028466269954343e-09,2.0,12000.0,1e-07,0.6935701911289822
347,0.7984326180970366,-4.52281967433521e-09,2.0,12000.0,1e-07,0.7522260994768593
348,0.8276322799067425,2.5977614170891172e-08,4.0,22700.0,1e-07,0.2851773448490734
349,0.8369550067508591,-1.2300938045939347e-11,2.0,12100.0,1e-07,0.8172381947205414
350,0.5126377075801313,2.483160510546867e-09,4.0,23600.0,1e-07,0.21217043175293115
351,0.8218461467690096,-2.220446049250313e-16,5.0,28000.0,1e-07,0.9020650550413739
352,0.5201998567285333,4.339869774661054e-08,3.0,17400.0,1e-07,0.3475772362337364
353,0.1739132913685035,5.767849739490849e-12,4.0,22700.0,1e-07,0.519320410543898
354,0.1827222464133188,7.482493447064087e-08,1.0,7000.0,1e-07,0.17897063664683588
355,0.8538929199895894,7.296825310643129e-08,2.0,12400.0,1e-07,0.954031252372293
356,0.40349007390372427,7.384621525385882e-10,5.0,28000.0,1e-07,0.07612221104637129
357,0.42741523080424326,7.912559496503491e-13,3.0,17500.0,1e-07,0.09272483247338892
358,0.5288266338450205,1.879179145625187e-09,3.0,17500.0,1e-07,0.1871674239643888
359,0.8504031014047136,-1.086709189301871e-08,2.0,12300.0,1e-07,0.7957608140558663
360,0.09834194670367034,1.0894063429134349e-15,2.0,12200.0,1e-07,0.08562754957302032
361,0.3323962552916581,2.8378549510321704e-12,5.0,27400.0,1e-07,0.9149592798656836
362,0.7250423696229797,2.220446049250313e-16,4.0,22700.0,1e-07,0.3709847658678521
363,0.4868343357667101,1.2092063461643932e-12,3.0,17400.0,1e-07,0.7440545044083271
364,0.12916191760681614,1.864584875388431e-12,2.0,12100.0,1e-07,0.1156367520835665
365,0.529658834857897,0.0,3.0,17600.0,1e-07,0.4433106818039746
366,0.012740588076513659,-2.9639528678626625e-12,3.0,17300.0,1e-07,0.15630669393907903
367,0.26522102623993743,2.7755575615628914e-17,3.0,17300.0,1e-07,0.056666026874616526
368,0.4195542754078889,4.6074255521944e-15,2.0,12100.0,1e-07,0.4035936660664763
369,0.1735864737000989,5.924958612624209e-08,2.0,12100.0,1e-07,0.02051491890162771
370,0.5815723861748181,3.269606807521086e-14,3.0,17600.0,1e-07,0.46880311573375644
371,0.2872538056609666,-1.2940176707942896e-11,2.0,11800.0,1e-07,0.3026193057070409
372,0.83595519175899,5.347944309619379e-13,3.0,17400.0,1e-07,0.9867213579254059
373,0.5406540121697017,3.228667222465731e-08,2.0,12100.0,1e-07,0.45082119339088367
374,0.948087840665086,1.2461092158133624e-09,2.0,12200.0,1e-07,0.9991305040291734
375,0.901869604779507,2.5039159634587804e-09,4.0,22600.0,1e-07,0.9728655981035239
376,0.34665996815808825,3.154643213321151e-12,3.0,17500.0,1e-07,0.09690684985316
377,0.4776727503951705,1.1157741397482823e-14,3.0,17400.0,1e-07,0.32963301651701504
378,0.13173794566627153,4.089944327656525e-09,2.0,12400.0,1e-07,0.0598690863970589
379,0.8555110581178466,1.0166861796889748e-09,3.0,17300.0,1e-07,0.8052043503364011
380,0.2828871689099429,3.899658373995862e-15,4.0,22700.0,1e-07,0.05115054747105574
381,0.7392495170339782,-9.854083882210318e-09,3.0,17300.0,1e-07,0.6464223909028921
382,0.2647544007934974,8.366918269331336e-12,4.0,22500.0,1e-07,0.7082788818160548
383,0.6707537581845285,5.551115123125783e-16,3.0,17400.0,1e-07,0.894643902141572
384,0.5589946628398965,4.88326046266252e-12,3.0,17300.0,1e-07,0.6359735222920918
385,0.11127955459003222,-4.71359062892418e-14,4.0,22700.0,1e-07,0.28518160707845774
386,0.6477276095015951,6.616771852652192e-10,2.0,12200.0,1e-07,0.6981794385342335
387,0.14291470290027336,2.5948340698356276e-13,4.0,22300.0,1e-07,0.31304667673840136
388,0.16157508560834563,-3.2487901258093643e-14,4.0,22600.0,1e-07,0.3229870912629331
389,0.9219966480481433,-1.1102230246251565e-16,3.0,17400.0,1e-07,0.9786189532284603
390,0.9258399861374924,-5.551115123125783e-17,4.0,23000.0,1e-07,0.7032706200126614
391,0.20092750703474294,-2.726430192723228e-12,3.0,17300.0,1e-07,0.35465057801165945
392,0.6842996461363204,2.5344282228445536e-11,4.0,22800.0,1e-07,0.05198447007099871
393,0.5587493176762747,1.274147454211061e-12,4.0,22700.0,1e-07,0.12836314551274242
394,0.7814629709816633,-2.0922652499422156e-10,3.0,17500.0,1e-07,0.6506958327099762
395,0.28426216407954347,1.894873286056864e-10,6.0,33100.0,1e-07,0.7038870391647051
396,0.9388958652377292,-2.559815970304413e-10,3.0,17400.0,1e-07,0.7151300499025808
397,0.5314135785289134,9.879164153403508e-11,3.0,17700.0,1e-07,0.3828932486160218
398,0.901576491853788,-4.5698611561562075e-11,3.0,18200.0,1e-07,0.7939980548884231
399,0.47576632116026574,5.551115123125783e-17,3.0,17700.0,1e-07,0.36861670504656596
400,0.31660719398057896,5.551115123125783e-17,2.0,12200.0,1e-07,0.30772492931528894
401,0.12342436617749705,3.760880495917718e-15,2.0,12100.0,1e-07,0.11250216564927196
402,0.2039574064255258,2.3314683517128287e-15,2.0,12300.0,1e-07,0.19153569832287376
403,0.1934022256414653,-1.799335430652249e-09,3.0,17400.0,1e-07,0.2733190535044592
404,0.30362919987221343,5.8495151999959916e-08,4.0,22700.0,1e-07,0.8984241194374122
405,0.9783804726035141,-4.3964387963502105e-09,2.0,20500.0,1e-07,0.8955560900347337
406,0.3696912235138954,5.551115123125783e-17,3.0,17700.0,1e-07,0.1740716615859993
407,0.4658426248320575,8.287063424372576e-09,3.0,17500.0,1e-07,0.0686278960053498
408,0.4899563478705573,-5.551115123125783e-17,3.0,17600.0,1e-07,0.5313245251677797
409,0.9332548352343585,-9.048872762207338e-13,2.0,12400.0,1e-07,0.9107332969128592
410,0.3839859715071701,1.1039161529335928e-09,4.0,22500.0,1e-07,0.9920475093105935
411,0.0002853344333143405,-7.407101177531704e-12,2.0,12100.0,1e-07,0.024010391405796527
412,0.7203585731588458,1.0404177519518498e-13,2.0,11900.0,1e-07,0.7481643279666926
413,0.03267888977525761,2.588800079254133e-10,7.0,37700.0,1e-07,0.9765851030394678
414,0.8208328894423407,1.4359708644384739e-08,2.0,12200.0,1e-07,0.9124328825905621
415,0.6698234396428839,1.1214514039625811e-10,2.0,12200.0,1e-07,0.7196796926325083
416,0.4867344331544184,1.7286177322883844e-08,2.0,12100.0,1e-07,0.42552345205799436
417,0.3215695610286939,2.1344037648418634e-14,3.0,17400.0,1e-07,0.17649828934145106
418,0.4542650558309583,-1.0754491741593597e-10,2.0,12200.0,1e-07,0.4259666196497509
419,0.9363253724994679,1.2755352329918423e-12,4.0,22600.0,1e-07,0.7318160329661042
420,0.46481751270587,3.801440551232105e-10,4.0,22700.0,1e-07,0.642688367781941
421,0.09294323097167413,-6.938893903907228e-18,3.0,17300.0,1e-07,0.17649592408185977
422,0.8773751823156528,-5.334427344294568e-12,2.0,12100.0,1e-07,0.8367907536817604
423,0.13032438916408434,2.0723145421897016e-11,2.0,12200.0,1e-07,0.09534776460293748
424,0.9802863018672523,1.7208456881689926e-15,2.0,12100.0,1e-07,0.9982855323343117
425,0.7460038470137719,-2.7755575615628914e-17,3.0,17100.0,1e-07,0.6582858703092939
426,0.6620953407363739,2.9032470871825922e-11,2.0,12000.0,1e-07,0.6943102898639021
427,0.6191534540677953,4.274426723682723e-08,3.0,17000.0,1e-07,0.7252714728557056
428,0.3282938069562166,5.551115123125783e-17,3.0,17600.0,1e-07,0.20833930547201163
429,0.5137427183837474,2.8545616648223415e-08,3.0,17400.0,1e-07,0.05351169754749363
430,0.8403163523684483,6.708877897665388e-11,4.0,22900.0,1e-07,0.5219247290552617
431,0.2847677469666071,1.2262739434998338e-11,3.0,17100.0,1e-07,0.47935639609475134
432,0.3024816584612079,5.344730011347387e-08,2.0,12200.0,1e-07,0.23072994295133187
433,0.8142269528620155,1.9758258362756465e-09,4.0,22500.0,1e-07,0.054805046830097015
434,0.13833047574678095,-1.4502288259166107e-14,3.0,17600.0,1e-07,0.3055135293296586
435,0.3004384225010873,2.9220903474680426e-11,2.0,12100.0,1e-07,0.2535906699770979
436,0.37632296944519467,6.128153540174708e-13,3.0,17000.0,1e-07,0.29767188013327606
437,0.036361687480244854,-1.0061396160665481e-16,4.0,22700.0,1e-07,0.3040733902201568
438,0.5648742541085168,3.164135620181696e-14,3.0,17400.0,1e-07,0.39474780983706304
439,0.7100451237461104,7.45931094670027e-17,3.0,17300.0,1e-07,0.5894413807293236
440,0.692927203902513,2.220446049250313e-16,4.0,22900.0,1e-07,0.1993684504992973
441,0.6034226591344523,8.031998052770994e-08,2.0,12000.0,1e-07,0.693992845804079
442,0.20602734186127464,-3.903902201507492e-11,2.0,12200.0,1e-07,0.238479551779198
443,0.8938963356104814,-2.5396351688300456e-15,7.0,38000.0,1e-07,0.4703917084052829
444,0.24236306263544313,-5.648252716233815e-09,6.0,33500.0,1e-07,0.13985992459222896
445,0.7135417500152023,6.075695502261169e-13,3.0,17300.0,1e-07,0.9004318518939879
446,0.7867139504426737,-2.4127573827747995e-08,1.0,6700.0,1e-07,0.7848998536866949
447,0.09137629424524148,-5.806869568525386e-10,2.0,12000.0,1e-07,0.17069494791527473
448,0.44261486619441565,2.710961377605514e-08,4.0,22800.0,1e-07,0.11704300993211614
449,0.32916924138947684,2.5587171270657905e-17,3.0,17500.0,1e-07,0.4330923118293528
450,0.7026389359289628,-2.393948927981171e-11,5.0,27900.0,1e-07,0.486487589918267
451,0.19551515064535174,8.831477216197925e-13,5.0,27300.0,1e-07,0.7482486126391614
452,0.6077446956132488,2.492772210871408e-09,3.0,17500.0,1e-07,0.1981853863140487
453,0.5492316585086527,6.38378239159465e-16,3.0,17300.0,1e-07,0.6831589987981188
454,0.1774890023682746,-1.0491449653482476e-09,2.0,12200.0,1e-07,0.18744927481486362
455,0.7382804524756299,2.7755575615628914e-17,3.0,37300.0,1e-07,0.9442488512492969
456,0.7323254980616127,2.522256986603466e-10,2.0,12600.0,1e-07,0.7994532622590962
457,0.1371064363279539,-7.295941628626679e-12,2.0,12400.0,1e-07,0.15978113363205237
458,0.2979701592738731,5.723199691942682e-14,5.0,27800.0,1e-07,0.5294338777770965
459,0.7133457369436931,5.780081968609352e-11,2.0,12100.0,1e-07,0.7458365121394703
460,0.7702883240397667,1.3322676295501878e-15,4.0,22500.0,1e-07,0.6479799938573269
461,0.7348728131418577,-4.163336342344337e-17,3.0,17200.0,1e-07,0.8919808762429943
462,0.9565182830659807,-6.661338147750939e-16,3.0,17400.0,1e-07,0.8986244497233064
463,0.7950163217290304,8.326672684688674e-17,4.0,22500.0,1e-07,0.5458095152173089
464,0.5139641382129362,5.68822766666699e-13,4.0,22500.0,1e-07,0.9070088287497624
465,0.2922767554561416,-6.181421749462679e-08,2.0,12200.0,1e-07,0.36812632422816394
466,0.8251344811023712,1.1102230246251565e-16,3.0,17100.0,1e-07,0.9485877471529847
467,0.7090735376259227,1.3877787807814457e-17,5.0,27700.0,1e-07,0.43456916280285085
468,0.2568840985315197,-2.498001805406602e-16,2.0,12200.0,1e-07,0.26941536050173387
469,0.22463853297539466,1.325165512044979e-09,5.0,27700.0,1e-07,0.9735241474794957
470,0.08803330566228276,-1.0500510252975381e-09,4.0,22500.0,1e-07,0.17458464733861745
471,0.6735887896599302,5.551115123125783e-17,2.0,11900.0,1e-07,0.6780988678444884
472,0.2534193473478015,1.3877787807814457e-17,5.0,27600.0,1e-07,0.9206227658799427
473,0.8764224840689242,-1.1903398579315994e-09,5.0,27700.0,1e-07,0.4645887475815913
474,0.2215501162839321,5.12270781349855e-13,4.0,23000.0,1e-07,0.023249999622508177
475,0.4080095368874962,-6.898122628662406e-10,2.0,12300.0,1e-07,0.4599835832091905
476,0.8336848848078157,-2.8449465006019636e-16,3.0,17100.0,1e-07,0.6715747498179161
477,0.8581423209261075,1.5866288838317644e-10,2.0,12000.0,1e-07,0.9229824196121204
478,0.18263992195781514,1.7306920410686821e-09,4.0,22400.0,1e-07,0.5759991455139544
479,0.14973002268327315,-1.1951054312842047e-09,3.0,17600.0,1e-07,0.35642811180785827
480,0.21136710992703564,0.0,3.0,17300.0,1e-07,0.2539841351836042
481,0.8596684216618035,3.122440084268874e-10,3.0,17200.0,1e-07,0.9606498761424583
482,0.22162259848409152,5.814793091474257e-14,2.0,12100.0,1e-07,0.2031270889394835
483,0.6354303736339926,2.1078060963297673e-09,4.0,22700.0,1e-07,0.0419743337198899
484,0.6000299799343426,5.867528685143952e-14,4.0,22700.0,1e-07,0.18589080940602398
485,0.3905432484056222,3.4114048808042696e-09,3.0,17500.0,1e-07,0.3516056534683174
486,0.6451455053982271,5.551115123125783e-17,3.0,17200.0,1e-07,0.776472997611925
487,0.6321403786561435,2.6645352591003757e-15,4.0,22500.0,1e-07,0.04244203952235803
488,0.3773838656019002,2.2656793108311035e-11,3.0,17300.0,1e-07,0.5454272317335904
489,0.17719672048975105,4.0052444867655357e-13,4.0,22400.0,1e-07,0.6502828046606787
490,0.36753854551855064,5.313501257042663e-08,4.0,22400.0,1e-07,0.91669776756875
491,0.40950912642459947,2.887901029424711e-11,2.0,12000.0,1e-07,0.39616670769348117
492,0.7291557657194888,1.9910682658164092e-08,4.0,22600.0,1e-07,0.4293987726972518
493,0.7115286362277111,2.6131874442114622e-14,3.0,17600.0,1e-07,0.99673665298189
494,0.2783222989170606,-8.326672684688674e-17,2.0,12300.0,1e-07,0.28642936620667214
495,0.3795488184801051,3.727618385837572e-09,2.0,12300.0,1e-07,0.4410190295128049
496,0.665754189769864,1.0203282663212576e-11,3.0,17400.0,1e-07,0.46766727332733604
497,0.279367017815328,1.377967531746016e-11,4.0,32200.0,1e-07,0.9612985769737036
498,0.8515456833156154,4.17929246765425e-10,5.0,63000.0,1e-07,0.02871087099176073
499,0.48838707011619276,3.1086244689504383e-15,3.0,18000.0,1e-07,0.3490311086563521
500,0.7208536522100754,3.9743279414000687e-10,2.0,12100.0,1e-07,0.7974674098553786
501,0.28838008427925216,4.521661933765131e-10,2.0,12100.0,1e-07,0.22850553148442576
502,0.4001936079514218,1.851762188032069e-09,3.0,17300.0,1e-07,0.2397467636521673
503,0.813484463063576,-6.786418649262771e-12,3.0,17600.0,1e-07,0.6018806285339455
504,0.19130920191745054,4.803688696819464e-12,3.0,17100.0,1e-07,0.30611441391839467
505,0.4555842787441254,2.7755575615628914e-17,3.0,17600.0,1e-07,0.577026334079721
506,0.46472069651274545,8.103863358144281e-09,3.0,17300.0,1e-07,0.2252601874389124
507,0.9200203354520349,1.8322417139060576e-08,5.0,27900.0,1e-07,0.38286789030718393
508,0.9923496297789749,-6.545111674860493e-15,3.0,17400.0,1e-07,0.7666833686417628
509,0.7536098044890606,-5.551115123125783e-17,3.0,17300.0,1e-07,0.9682932453680199
510,0.5897027586363006,-2.6839364064557003e-11,3.0,17500.0,1e-07,0.44490813040797106
511,0.39642621615679074,-2.6509808237484833e-11,2.0,11900.0,1e-07,0.3860713746596951
512,0.7972386211121317,1.1102230246251565e-16,4.0,22300.0,1e-07,0.5141864668810944
513,0.0446946752626558,-4.352726165612886e-11,3.0,17200.0,1e-07,0.19223053815554791
514,0.36423494881461954,2.7025781418332784e-08,4.0,22300.0,1e-07,0.4836604407147759
515,0.5466871902001236,-1.0118902327160839e-08,3.0,17200.0,1e-07,0.4737108823242956
516,0.8023527960700045,1.873431809684689e-08,3.0,17000.0,1e-07,0.6733631572364313
517,0.9180562166606501,8.701372955499664e-11,4.0,22300.0,1e-07,0.645323926537564
518,0.5003105226695758,1.3470552451266826e-10,3.0,17200.0,1e-07,0.3800783002428665
519,0.5591969982931807,3.9099586179869306e-08,4.0,22200.0,1e-07,0.3649643527171792
520,0.5523479226205373,4.6521636543062073e-10,2.0,12000.0,1e-07,0.5940389152137662
521,0.4827536282313496,5.551115123125783e-17,4.0,22200.0,1e-07,0.09190710683228531
522,0.1374621178661372,2.904620988175566e-14,3.0,17000.0,1e-07,0.03350535803736565
523,0.26152265342903275,-2.7755575615628914e-16,5.0,27500.0,1e-07,0.37103592334547286
524,0.09104424730109859,1.1102230246251565e-16,2.0,12100.0,1e-07,0.07710115056049782
525,0.43957662876032894,1.3877787807814457e-17,4.0,22200.0,1e-07,0.7890675066718992
526,0.508252127139682,2.2377886349511655e-09,3.0,17100.0,1e-07,0.8793571081360435
527,0.37817518460360805,4.218965628244309e-11,2.0,12100.0,1e-07,0.41162141542487607
528,0.5533539710386767,-3.917516940704635e-08,2.0,12100.0,1e-07,0.4809728703340317
529,0.6867418616957711,1.880143818411284e-10,4.0,22500.0,1e-07,0.18353360281268605
530,0.792342844035868,8.326672684688674e-17,3.0,17100.0,1e-07,0.9749414025165456
531,0.9452952171665575,8.13316081149651e-12,5.0,27300.0,1e-07,0.6169075047066769
532,0.6527013009880733,5.551115123125783e-17,4.0,22200.0,1e-07,0.8219033152052181
533,0.6941575613127559,2.870254320330723e-08,2.0,11900.0,1e-07,0.7723334857590762
534,0.9771219921233935,-1.3877787807814457e-16,3.0,17300.0,1e-07,0.7978130904343884
535,0.12406529223018056,-5.98812666119386e-13,2.0,12100.0,1e-07,0.15887927597229268
536,0.23758933509637167,4.596323321948148e-14,3.0,16900.0,1e-07,0.018902875562160415
537,0.3986206039794838,3.495134154318791e-09,4.0,22100.0,1e-07,0.7495974823266158
538,0.2225106292062439,-7.518985434273873e-14,2.0,12000.0,1e-07,0.23157540216309513
539,0.7842653836939417,2.3203661214665772e-14,4.0,22500.0,1e-07,0.3463954254640349
540,0.1381561316189461,7.28583859910259e-16,3.0,17300.0,1e-07,0.004229691441719696
541,0.21841400294565902,6.951532890986378e-10,4.0,22200.0,1e-07,0.30330673861341273
542,0.14964605082257995,-6.129907742513652e-08,2.0,13000.0,1e-07,0.2483837113522097
543,0.8180664814128943,8.780050353429658e-09,6.0,32800.0,1e-07,0.10570915371115153
544,0.8033854764392361,-1.8779422461534523e-13,3.0,17400.0,1e-07,0.7083371170875904
545,0.38930075163100913,2.714190538988248e-10,3.0,17400.0,1e-07,0.048392808602802484
546,0.5917351966777609,1.2613390387716805e-08,3.0,17100.0,1e-07,0.45599756628501864
547,0.1682162251931899,5.598992727784413e-09,2.0,12000.0,1e-07,0.08553993549589112
548,0.3859874099941418,3.019297173390001e-10,4.0,22400.0,1e-07,0.7777433051872857
549,0.5140786633788478,9.589291027900515e-10,4.0,22500.0,1e-07,0.20244176103800327
550,0.041353933179806075,3.433020567583829e-09,5.0,27600.0,1e-07,0.5337751473372279
551,0.23320231779219464,6.245004513516506e-17,4.0,22100.0,1e-07,0.4627190593420435
552,0.17858775904501642,1.5078216453190407e-14,5.0,27400.0,1e-07,0.9030861938118246
553,0.043832367558585016,-8.681885443201365e-08,4.0,22400.0,1e-07,0.20450423123574624
554,0.7179756650841942,-4.9404924595819466e-15,3.0,17100.0,1e-07,0.6848286083973221
555,0.5699959895423315,0.0,3.0,17300.0,1e-07,0.6327244095211267
556,0.18392741212184113,-6.952771691715043e-15,3.0,17100.0,1e-07,0.27268432343847926
557,0.5737299799561033,1.8769398618667665e-08,3.0,17100.0,1e-07,0.902494014385833
558,0.8114717936963786,-1.27675647831893e-15,4.0,22400.0,1e-07,0.5611718603587291
559,0.6328223145855566,7.067684215655845e-10,2.0,12000.0,1e-07,0.585555444959624
560,0.2178099591365856,4.524158825347513e-15,3.0,17200.0,1e-07,0.12548198373838437
561,0.7625348526220344,1.23000387652894e-10,3.0,17000.0,1e-07,0.6423594610208857
562,0.08719036040853273,-1.8436641102681506e-14,3.0,17100.0,1e-07,0.2254713623848038
563,0.04535909663151438,-4.2327252813834093e-16,3.0,17200.0,1e-07,0.12387702717845095
564,0.07897384203381737,1.5623412680763893e-08,5.0,27500.0,1e-07,0.57755729541882
565,0.6472685208270587,1.952893957657409e-10,5.0,27500.0,1e-07,0.35788125502044243
566,0.49945177945347563,-3.1420560597794633e-12,3.0,16900.0,1e-07,0.39801185024170016
567,0.6875946481901174,2.9004576518332215e-14,2.0,11800.0,1e-07,0.7069194246174668
568,0.29009104293881083,6.059085733145508e-08,3.0,17300.0,1e-07,0.059839539888407844
569,0.19203641331127524,-6.535882945968297e-13,2.0,12100.0,1e-07,0.21702267033815503
570,0.7487076392383748,1.2733036847123458e-11,4.0,22400.0,1e-07,0.06901914466912673
571,0.03487053348286976,4.093947403305265e-15,2.0,12000.0,1e-07,0.009917155042254655
572,0.7753493266649332,2.7755575615628914e-17,3.0,17200.0,1e-07,0.9331457153201049
573,0.49656205757368094,-4.1466829969749597e-14,2.0,12000.0,1e-07,0.4808348805987761
574,0.10509576137930397,-8.838135084898724e-11,2.0,12100.0,1e-07,0.1118791301188139
575,0.6890199617812915,1.31817057269501e-10,3.0,17200.0,1e-07,0.7498113551898891
576,0.33659431596270534,7.771561172376096e-16,2.0,11900.0,1e-07,0.32116726920113814
577,0.7562357298612992,9.730549699327184e-13,3.0,17200.0,1e-07,0.9765808917499905
578,0.5913424966470452,4.0702974324346997e-10,4.0,22300.0,1e-07,0.36421929675009446
579,0.7375696910157945,2.0371482278846997e-12,5.0,27700.0,1e-07,0.2675339935133495
580,0.42288803250449186,3.775313395237845e-13,5.0,27300.0,1e-07,0.07535856773188099
581,0.35160639302942387,1.6868755507021271e-09,3.0,16900.0,1e-07,0.7068718000029005
582,0.3714829755268575,1.0269562977782698e-15,4.0,22400.0,1e-07,0.5812235412427872
583,0.20044138476091977,-4.373587234041132e-08,3.0,17200.0,1e-07,0.2532149684570054
584,0.9445447829127822,3.7108680572828234e-09,3.0,17400.0,1e-07,0.8628000724798605
585,0.08118512349957074,6.983449343973824e-10,3.0,17200.0,1e-07,0.13964663392796128
586,0.13786703776134243,1.3877787807814457e-17,2.0,12000.0,1e-07,0.12921267378573242
587,0.581333139891112,4.052314039881821e-15,4.0,22300.0,1e-07,0.8809809958143225
588,0.9193567022307859,5.904077449159217e-09,2.0,12100.0,1e-07,0.9728336551422226
589,0.41245147494473033,1.807294397471182e-09,3.0,17400.0,1e-07,0.18910032991389425
590,0.730577816753238,-6.945000130542667e-13,3.0,17200.0,1e-07,0.6007773638714136
591,0.2149290754247398,1.1783873460347039e-08,2.0,11900.0,1e-07,0.13597786820039715
592,0.14215073460091215,-8.368161302785282e-10,1.0,6700.0,1e-07,0.14294419313547857
593,0.9239767921772228,-3.29009042232542e-12,3.0,17200.0,1e-07,0.7502360373485011
594,0.92497353198949,1.2751987243930785e-09,2.0,12100.0,1e-07,0.9634363918119639
595,0.26122330832521024,4.575587859989572e-09,1.0,6700.0,1e-07,0.26208363841723636
596,0.8126208225063662,6.670106134087916e-11,2.0,11800.0,1e-07,0.8675174283073008
597,0.9481260132658913,-5.172945405362839e-15,2.0,12100.0,1e-07,0.9241827598642905
598,0.7945977772949087,-4.854450175173497e-14,2.0,11900.0,1e-07,0.7747963208122464
599,0.6978002865700508,7.74658115432203e-14,3.0,17200.0,1e-07,0.9010526688906834
600,0.13789491902820122,6.31330439246347e-08,2.0,12100.0,1e-07,0.08096053991214025
601,0.28305996700612535,-2.224479048185124e-08,2.0,11900.0,1e-07,0.3385678180723236
602,0.43261684978744563,3.1107131204244354e-08,3.0,17100.0,1e-07,0.08282948183282013
603,0.7032323375300237,0.0,4.0,22400.0,1e-07,0.3879141288622667
604,0.4262562210778941,1.9089552161233314e-10,3.0,17200.0,1e-07,0.06634162164997326
605,0.3240412247696829,1.2931958282003109e-09,2.0,12100.0,1e-07,0.2668702361402915
606,0.4987094470769787,7.029638537936478e-10,5.0,27200.0,1e-07,0.24880926901644707
607,0.9335600299073589,1.1823875212257917e-13,6.0,32600.0,1e-07,0.4859437181026881
608,0.09466122910068665,0.0,3.0,17200.0,1e-07,0.21273526625989103
609,0.06325353555435188,-1.4760719015127766e-08,4.0,22300.0,1e-07,0.47375442357076214
610,0.2194087501760993,1.7069679003611782e-15,3.0,17200.0,1e-07,0.08092530910833273
611,0.8735614686306354,2.6046498291520948e-11,6.0,32600.0,1e-07,0.4423094975191555
612,0.8632415663050151,2.325917236589703e-14,2.0,12000.0,1e-07,0.8864939121747142
613,0.9938394733350759,-3.033096551696701e-10,4.0,22500.0,1e-07,0.6750549908671475
614,0.6295679483721967,-6.104860292288627e-08,2.0,12100.0,1e-07,0.5525376326082786
615,0.5536774928130578,5.551115123125783e-17,4.0,22500.0,1e-07,0.16492827374255004
616,0.5800234735114933,-1.88820956092961e-08,2.0,11800.0,1e-07,0.6154256037234322
617,0.09337898008085957,1.1158115091614018e-09,3.0,17000.0,1e-07,0.1474206396344565
618,0.9679884586687945,-8.231162695881977e-10,2.0,12100.0,1e-07,0.8934350224881892
619,0.968017225762642,-1.3875567361765206e-12,3.0,17000.0,1e-07,0.8528407419823877
620,0.821152227171418,-4.185438273740516e-09,2.0,12000.0,1e-07,0.7617233042251325
621,0.07864729276588489,2.0656299587473725e-11,2.0,12000.0,1e-07,0.055468791409341134
622,0.4828806980984107,1.54170066712922e-08,4.0,22300.0,1e-07,0.1325701697011027
623,0.2659800548275731,9.330241440563825e-12,4.0,22300.0,1e-07,0.8543208837925107
624,0.5078384806455324,7.31997353356495e-10,3.0,17200.0,1e-07,0.965762913800934
625,0.07719093839370736,3.469446951953614e-18,2.0,12100.0,1e-07,0.07453321727346396
626,0.6250987173324171,2.6711384770727875e-09,3.0,16900.0,1e-07,0.8807760999502641
627,0.9450105634687249,-7.667033674607637e-12,3.0,17100.0,1e-07,0.7069788662734118
628,0.9907213116865602,-1.8801071810514713e-12,2.0,12000.0,1e-07,0.9503608510610466
629,0.548017083190689,1.5168144518185045e-12,3.0,17000.0,1e-07,0.6590343867223847
630,0.7719378655188326,1.873479149594459e-11,3.0,17100.0,1e-07,0.8113740819416366
631,0.6232071204194914,-4.163336342344337e-17,4.0,22000.0,1e-07,0.40140727664190634
632,0.7138469907481451,2.7755575615628914e-17,3.0,17000.0,1e-07,0.8793720585822763
633,0.35845507811957067,5.0306980803327406e-17,4.0,22400.0,1e-07,0.9891921819682481
634,0.5322175061389218,2.063460513568316e-12,3.0,17400.0,1e-07,0.2397227885852622
635,0.4594584117070225,1.0357569801833222e-09,3.0,18000.0,1e-07,0.18456685226807668
636,0.927579746555699,2.0308199566443363e-12,2.0,11900.0,1e-07,0.9613722367487594
637,0.380329915059214,5.0905719056748566e-08,3.0,17200.0,1e-07,0.30576940752844106
638,0.3976120308694931,-7.142730851228407e-12,2.0,12100.0,1e-07,0.4242645721650907
639,0.3052387978398973,-5.551115123125783e-16,2.0,12100.0,1e-07,0.31851124338571546
640,0.5535181575059186,2.7755575615628914e-17,3.0,17300.0,1e-07,0.6521744381928013
641,0.8618047221298099,-7.593282258522294e-08,2.0,11900.0,1e-07,0.8069140585605572
642,0.08709133738857606,-1.8516160826820283e-12,2.0,12000.0,1e-07,0.12745513052320356
643,0.6995800240033021,2.3802626536451044e-12,5.0,27800.0,1e-07,0.5492021236753125
644,0.4294450650718656,1.0412177890717356e-08,3.0,17300.0,1e-07,0.9139486278952327
645,0.5501572851557831,4.678076259700958e-10,3.0,17300.0,1e-07,0.7980306936741759
646,0.28671848817778617,1.6516385481502027e-11,3.0,16900.0,1e-07,0.40108825136835846
647,0.810179150660478,1.4610244569723818e-08,5.0,27600.0,1e-07,0.09707739911801871
648,0.48618525930463474,4.385380947269368e-15,4.0,22300.0,1e-07,0.1412639408005283
649,0.5442984781373863,5.085738497001557e-10,5.0,27600.0,1e-07,0.16024225731561947
650,0.21137109050518452,7.539157215186165e-09,3.0,17200.0,1e-07,0.12172271287316183
651,0.7929450496680657,1.4099832412739488e-14,3.0,17000.0,1e-07,0.9181308133397172
652,0.8392695405674836,-7.549516567451064e-15,3.0,16800.0,1e-07,0.702777421513484
653,0.4020225473690964,0.0,3.0,17300.0,1e-07,0.2369509543251641
654,0.5290406887079301,5.5217348138292266e-08,2.0,12100.0,1e-07,0.43037534090312557
655,0.7524878680763971,3.70652397663207e-09,2.0,11900.0,1e-07,0.837592955465513
656,0.7115170726948727,0.0,2.0,11900.0,1e-07,0.7049039437171444
657,0.6121871351516291,2.3370194668359545e-14,4.0,22300.0,1e-07,0.9318130930401904
658,0.7897118619459814,-6.165767896249008e-11,2.0,12100.0,1e-07,0.7552743089130698
659,0.5625770308933791,6.393441331908889e-11,4.0,22600.0,1e-07,0.03597767948494679
660,0.3952044244273803,1.4790391134056335e-12,3.0,17400.0,1e-07,0.08624593016721216
661,0.32310481437039734,1.5146217613448698e-13,3.0,17100.0,1e-07,0.13565679188663338
662,0.3989180848491638,6.661338147750939e-16,4.0,22300.0,1e-07,0.05427994587042284
663,0.7611955984575276,1.3625767181224546e-12,4.0,22400.0,1e-07,0.5396439976737224
664,0.63226055161425,6.518674489086607e-13,3.0,17200.0,1e-07,0.8522253530342307
665,0.43315418854553195,0.0,3.0,17400.0,1e-07,0.5086752407573403
666,0.592710718937525,2.9976021664879227e-15,4.0,22200.0,1e-07,0.31578819296671046
667,0.2974534861200048,4.287190047413958e-10,2.0,12000.0,1e-07,0.2361609322967123
668,0.7425770274640916,3.4416913763379853e-15,5.0,84600.0,1e-07,0.023130770187482663
669,0.31116459485883696,0.0,3.0,17700.0,1e-07,0.21687400910920263
670,0.888309792619971,5.551115123125783e-17,3.0,17300.0,1e-07,0.9824394622984335
671,0.9457078297722902,-8.326672684688674e-17,5.0,27300.0,1e-07,0.6242937227270127
672,0.4956167121972063,2.2314646852539255e-08,3.0,17300.0,1e-07,0.04102169755228657
673,0.27708816394943103,1.6435238017753484e-08,4.0,22500.0,1e-07,0.9126931144052514
674,0.10716198661861154,1.1624173845703467e-11,2.0,12300.0,1e-07,0.05326932745445634
675,0.7329984223393583,5.288636195643903e-11,5.0,27400.0,1e-07,0.9841253654382659
676,0.9919013217855336,-1.6151524562246777e-12,3.0,17000.0,1e-07,0.8411300866704652
677,0.6622833180122705,2.055192349637025e-09,4.0,22300.0,1e-07,0.14744337308455902
678,0.7154250981055899,-9.018851021558305e-08,5.0,27500.0,1e-07,0.4667078589536765
679,0.5566920901209486,6.818856590484756e-11,4.0,22600.0,1e-07,0.04373105503829822
680,0.5981689133417236,0.0,3.0,17000.0,1e-07,0.7472745785849061
681,0.1895082316636795,4.326261571208079e-13,2.0,11900.0,1e-07,0.1619920053840317
682,0.13059653758023027,9.1773810773077e-14,2.0,12000.0,1e-07,0.11720883603176957
683,0.5795926459867455,1.0375256209727013e-11,5.0,27600.0,1e-07,0.27129058935492645
684,0.23071453389161664,2.7755575615628914e-17,2.0,15300.0,1e-07,0.22186737046998573
685,0.5781888941333887,5.296774630014767e-09,3.0,17800.0,1e-07,0.3611788821337081
686,0.01502568133890792,-5.932356309315545e-09,1.0,6800.0,1e-07,0.016778746415533008
687,0.577479331430649,3.1530333899354446e-14,4.0,22600.0,1e-07,0.7152967251639777
688,0.6696607739378256,2.5829301142366035e-08,4.0,22500.0,1e-07,0.9511606513749846
689,0.9753629326530507,-1.4731271757995046e-14,3.0,17300.0,1e-07,0.7522152366311882
690,0.8972402592055345,7.815015301559924e-11,4.0,22700.0,1e-07,0.5801924721544972
691,0.09859135191104854,-1.259821413857054e-11,3.0,17100.0,1e-07,0.34772376013231654
692,0.6584799462104391,4.085620730620576e-14,4.0,22300.0,1e-07,0.03779770384492498
693,0.386559191251173,3.24111015803652e-11,2.0,12000.0,1e-07,0.3978156817620696
694,0.7965903588875237,7.216449660063518e-16,3.0,17400.0,1e-07,0.9500149785196789
695,0.9164236223589797,2.7755575615628914e-17,3.0,17200.0,1e-07,0.8095212129850844
696,0.1157230794485336,6.817141017575329e-08,4.0,22200.0,1e-07,0.5488930262364634
697,0.8338731244285253,4.079994120331776e-10,3.0,17400.0,1e-07,0.7216969186384149
698,0.6318782677777662,1.59636748264802e-11,3.0,25400.0,1e-07,0.37661639497053256
699,0.8807292980270554,2.4313884239290928e-14,5.0,28800.0,1e-07,0.0076414370962266664
700,0.6926927883679724,3.8275904667983696e-10,3.0,17300.0,1e-07,0.405777128823842
701,0.4533136823861661,1.895745227464829e-10,3.0,29200.0,1e-07,0.6614130448579765
702,0.06267671651009585,1.734723475976807e-18,3.0,17900.0,1e-07,0.007508668527820839
703,0.8893996625036981,2.0443291504079752e-10,3.0,17300.0,1e-07,0.7761316674129182
704,0.5789465600282587,1.6737416286272122e-08,3.0,17400.0,1e-07,0.8182146623004405
705,0.4854934310910782,3.681066793048693e-08,5.0,27700.0,1e-07,0.12018467280175293
706,0.7846679589275318,6.382690598272234e-09,4.0,22100.0,1e-07,0.08100246384798093
707,0.18678321925333125,-9.873912798497031e-09,2.0,11800.0,1e-07,0.28155036753977225
708,0.8826433271890017,6.38378239159465e-16,2.0,12100.0,1e-07,0.8982506651822991
709,0.35862015134116115,-1.8210649654903932e-10,2.0,12200.0,1e-07,0.3769384903580676
710,0.5526662215340926,9.38071560534215e-13,3.0,17100.0,1e-07,0.8832687654162985
711,0.08387361869697446,-6.938893903907228e-17,2.0,12000.0,1e-07,0.0922399536054529
712,0.7804044253156037,-1.1102230246251565e-16,3.0,17100.0,1e-07,0.8379637970511925
713,0.5828802785875962,1.84297022087776e-14,3.0,17200.0,1e-07,0.7751669412125559
714,0.47624431739916584,7.055249390264251e-08,2.0,12200.0,1e-07,0.3896891529123261
715,0.8672204118142722,7.577272143066693e-15,2.0,12000.0,1e-07,0.8897127098482434
716,0.6798269688784289,-2.1094947011413012e-08,6.0,33100.0,1e-07,0.4774730020236251
717,0.744860109465564,-1.0719203302755886e-13,2.0,11900.0,1e-07,0.7388221144149749
718,0.2981794141888901,7.261400009062058e-09,4.0,45900.0,1e-07,0.6455191366432921
719,0.1084179259181917,-2.97609159538581e-13,4.0,22700.0,1e-07,0.4013371074331573
720,0.8123270833204872,-1.2858103470847482e-11,2.0,12000.0,1e-07,0.7838133501814945
721,0.9477987991916754,-1.6777929573441597e-08,2.0,12100.0,1e-07,0.8452962456399252
722,0.5869036102484277,0.0,4.0,22400.0,1e-07,0.16276913931228087
723,0.7431628640715033,1.184385922670117e-12,4.0,22400.0,1e-07,0.4456162476361274
724,0.3244627393697937,-4.371503159461554e-16,4.0,22300.0,1e-07,0.2650445710592385
725,0.4433873710479889,-3.0312616861039032e-09,2.0,12200.0,1e-07,0.4703824306193555
726,0.14327964119741513,1.3772558853791805e-08,5.0,27200.0,1e-07,0.8317867270682814
727,0.7491818887542175,3.3306690738754696e-16,3.0,17100.0,1e-07,0.9844845529206607
728,0.07233655909967694,9.75777049005283e-09,4.0,22400.0,1e-07,0.27403859674140074
729,0.5209147189202895,1.9104149956428174e-08,3.0,17300.0,1e-07,0.9525202860017976
730,0.38853447222260895,8.039344182031449e-08,4.0,22200.0,1e-07,0.7870798225063396
731,0.6501406184499587,3.7420255227793575e-08,3.0,17200.0,1e-07,0.19834609703351158
732,0.8437106089690974,7.734411111570694e-09,4.0,24100.0,1e-07,0.5752806317807075
733,0.7133639583675796,7.554814013266409e-08,3.0,17400.0,1e-07,0.7736397103784439
734,0.704632649545354,-1.7561085918771369e-10,4.0,22600.0,1e-07,0.7836492395966571
735,0.2034995273583509,-2.503552920529728e-14,4.0,22600.0,1e-07,0.47805700505914184
736,0.28852795793746294,2.841020751986889e-10,5.0,27200.0,1e-07,0.6892534997617251
737,0.6372875066873492,8.438302834257172e-10,4.0,22400.0,1e-07,0.16133676735454294
738,0.8171083591941889,3.0253577421035516e-13,4.0,22500.0,1e-07,0.4751925171472836
739,0.9109077586064872,5.92303983637521e-14,2.0,12100.0,1e-07,0.935089972057946
740,0.3742608303507345,0.0,3.0,17300.0,1e-07,0.44188618909047106
741,0.5511564014600461,4.4937831233937686e-11,3.0,17100.0,1e-07,0.2194269850735565
742,0.5094493802225102,-3.885780586188048e-16,3.0,17100.0,1e-07,0.5595648770737817
743,0.0008545451064363108,-4.216879666632534e-12,2.0,12100.0,1e-07,0.041637043268489604
744,0.7814711927784574,-1.1100458423979331e-08,3.0,17200.0,1e-07,0.5177523170112156
745,0.51893749617179,4.2121339749456865e-10,3.0,17300.0,1e-07,0.20844427121223819
746,0.3059912604130227,2.2360230333973163e-10,2.0,12000.0,1e-07,0.2425609578698451
747,0.1672534710884211,2.0621525320674294e-15,4.0,47600.0,1e-07,0.5049790462830729
748,0.052283024438274636,-3.439730375531802e-10,2.0,42400.0,1e-07,0.11953531842067144
749,0.8787293084000269,3.5675201681684143e-10,2.0,12300.0,1e-07,0.9344677387147409
750,0.5688720335888331,2.6103074923788938e-08,3.0,17400.0,1e-07,0.04030088284932387
751,0.3105998189768273,6.056673966525761e-08,3.0,16900.0,1e-07,0.6450243614029375
752,0.3451958089585047,4.163336342344337e-17,2.0,12000.0,1e-07,0.34924668169818995
753,0.49461839768315363,-5.175374018229206e-14,2.0,12000.0,1e-07,0.47713635951727174
754,0.787981047156059,2.7755575615628914e-17,3.0,17200.0,1e-07,0.6781444206491073
755,0.4395424163241079,-5.551115123125783e-17,3.0,17400.0,1e-07,0.36685206789911906
756,0.5185272462818403,1.3364309658925322e-14,3.0,16900.0,1e-07,0.709588118239913
757,0.7418235754387441,2.4452388114326595e-08,4.0,22400.0,1e-07,0.2269271672698664
758,0.4285454164601056,-7.882970387562693e-10,4.0,22500.0,1e-07,0.6792522704986216
759,0.5264807900379432,3.675374449230162e-10,3.0,17300.0,1e-07,0.3132399487971077
760,0.637747366930314,-1.1102230246251565e-16,2.0,12000.0,1e-07,0.642318795770197
761,0.42884274871093436,5.232980715419444e-12,2.0,11900.0,1e-07,0.4505604124502386
762,0.8481523097913045,5.659084312270579e-13,2.0,12000.0,1e-07,0.8827323598813362
763,0.8386787040479428,1.1954596035312903e-08,2.0,12000.0,1e-07,0.9250342250297587
764,0.6328910040536142,4.538903752848711e-08,4.0,22400.0,1e-07,0.8017091355681514
765,0.9762667863127166,-5.551115123125783e-16,4.0,22400.0,1e-07,0.9326879136125611
766,0.14172108424306407,0.0,3.0,17200.0,1e-07,0.26644129045356424
767,0.7427546983299084,1.05476738454513e-12,2.0,17500.0,1e-07,0.7588041869327681
768,0.1720827733512949,-1.035573059249284e-08,4.0,22400.0,1e-07,0.2803149677048625
769,0.44172551902079377,1.1796119636642288e-15,4.0,22400.0,1e-07,0.9238447808530181
770,0.5487782463137152,-7.110756428119203e-12,2.0,12300.0,1e-07,0.5777101973027513
771,0.6036319972741027,2.4339419368857307e-12,4.0,22300.0,1e-07,0.10416109596805878
772,0.04332825880679556,-1.8949911084753523e-12,3.0,17100.0,1e-07,0.09734318810951237
773,0.1065271371512017,1.3019557654203595e-10,2.0,12100.0,1e-07,0.07793987910786637
774,0.5092597848350953,7.238654120556021e-14,4.0,22300.0,1e-07,0.06810161979208063
775,0.7982095080212218,6.076228409312989e-11,2.0,12100.0,1e-07,0.8426179685636043
776,0.6817945548594334,3.0848567866836873e-08,5.0,27200.0,1e-07,0.3174964064266669
777,0.25923361370367515,1.598105889288881e-08,2.0,12000.0,1e-07,0.16505061567122803
778,0.8214930440194685,9.123948263578541e-10,2.0,18200.0,1e-07,0.8541211183878563
779,0.672091087057901,1.5218639584646532e-08,2.0,12300.0,1e-07,0.7776927102944777
780,0.4338692746570353,4.829470157119431e-15,3.0,17500.0,1e-07,0.18649932626804278
781,0.047269818120311745,6.977116006094079e-09,5.0,39900.0,1e-07,0.8293557310386381
782,0.03583534688446817,-6.245004513516506e-17,5.0,27600.0,1e-07,0.46331259884515463
783,0.3182978818512814,1.0130785099704553e-15,4.0,22800.0,1e-07,0.963523118566291
784,0.5849329073994168,-4.765794946182123e-10,2.0,12100.0,1e-07,0.5323533505139019
785,0.9256490513080489,-2.729846904081512e-11,3.0,17900.0,1e-07,0.7316310735409909
786,0.4032731258639736,1.8943656199255088e-08,2.0,12100.0,1e-07,0.30820453705369155
787,0.13081011384879776,-1.614541833561134e-13,6.0,32800.0,1e-07,0.4477188955597474
788,0.22983129283187706,2.7755575615628914e-17,3.0,17200.0,1e-07,0.34446788046906307
789,0.56160687923626,6.1194382894314e-12,5.0,27600.0,1e-07,0.9966390107833838
790,0.38778666221481617,2.9698465908722937e-15,5.0,27800.0,1e-07,0.7235524305189907
791,0.7642507984912225,9.988711180408671e-08,2.0,12000.0,1e-07,0.7275709094080477
792,0.6140660383925575,7.600864382339978e-12,3.0,17300.0,1e-07,0.7479244722129664
793,0.2796384801131295,-9.847678228425139e-14,3.0,17200.0,1e-07,0.3365128555959833
794,0.24608850395121643,2.7755575615628914e-17,4.0,22400.0,1e-07,0.3834847450919364
795,0.8734376227608374,1.151492512452279e-10,2.0,12000.0,1e-07,0.9418539894630571
796,0.3869240125313869,8.1601392309949e-15,3.0,17100.0,1e-07,0.11129228340486397
797,0.11396034946365068,4.3279182321276366e-15,3.0,17400.0,1e-07,0.1703330056602561
798,0.49758928483964293,2.5884849819135525e-13,3.0,17400.0,1e-07,0.2699092229926473
799,0.4438510757471171,4.0766055947605295e-09,3.0,17300.0,1e-07,0.843941785554612
800,0.040775423944876994,6.409354384034893e-13,5.0,28000.0,1e-07,0.41065015163693874
801,0.2367070522008701,1.4699120948202804e-08,2.0,12500.0,1e-07,0.14877390826808723
802,0.069732170827817,7.248124789163007e-11,5.0,28800.0,1e-07,0.8639201573599075
803,0.8220731856734675,1.1102230246251565e-16,3.0,17300.0,1e-07,0.8853609996177967
804,0.8834793410491175,1.0103029524088925e-14,2.0,12300.0,1e-07,0.8814191617081765
805,0.9074829008391744,-3.469446951953614e-16,4.0,22400.0,1e-07,0.5685511806951099
806,0.5746026938364305,-4.255990559975942e-09,4.0,22100.0,1e-07,0.5504918159210465
807,0.2005859322443718,0.0,3.0,17400.0,1e-07,0.06060375677075702
808,0.5191788529461359,2.7269853042355408e-15,3.0,17100.0,1e-07,0.7181117691192453
809,0.490084407214619,6.938893903907228e-18,2.0,11900.0,1e-07,0.49411717895023866
810,0.45641361893927346,-3.903127820947816e-18,3.0,17200.0,1e-07,0.5788774085573365
811,0.12138935266507317,-3.621201025150178e-08,2.0,12000.0,1e-07,0.1563663570452497
812,0.5307553925616642,2.707833957060757e-12,3.0,17800.0,1e-07,0.3381038651869347
813,0.20986075495959278,0.0,3.0,17300.0,1e-07,0.04709719534556678
814,0.7308263200937054,1.8027773718287676e-11,2.0,12000.0,1e-07,0.7661012449719132
815,0.1939825663817217,5.289019222587399e-12,2.0,12000.0,1e-07,0.15085011640817647
816,0.9685335373346708,-4.155494329194376e-08,3.0,17000.0,1e-07,0.7045104639465283
817,0.6140121018220741,-9.71445146547012e-16,5.0,27200.0,1e-07,0.4436174111227946
818,0.6776168282756331,-4.076035586830784e-08,2.0,12200.0,1e-07,0.6295174630885294
819,0.40846559476260125,5.551115123125783e-16,3.0,17100.0,1e-07,0.32029415288908625
820,0.7862878024006009,1.3877787807814457e-16,2.0,12000.0,1e-07,0.79133607372264
821,0.6462355350755583,2.381417080199455e-08,3.0,17500.0,1e-07,0.999551416724569
822,0.19876813685295713,-5.054865512277296e-09,2.0,12100.0,1e-07,0.24663463971250155
823,0.7325496959213881,-4.08337252899571e-12,3.0,17100.0,1e-07,0.5560664163815933
824,0.33632835628272345,1.131295912504271e-08,3.0,17500.0,1e-07,0.009275503530660756
825,0.021804367645007594,0.0,4.0,22500.0,1e-07,0.38326598078907836
826,0.42001554037001687,2.4812096821591467e-11,4.0,22200.0,1e-07,0.7490172613887196
827,0.2315398374323545,3.559652572704408e-15,5.0,27500.0,1e-07,0.5507937046244551
828,0.2933289427334478,0.0,3.0,17500.0,1e-07,0.07764517665699477
829,0.7678440921708961,1.8605117446668373e-12,3.0,17200.0,1e-07,0.9851309488012606
830,0.4343212703217408,2.02238157331891e-08,3.0,18800.0,1e-07,0.020152897255105495
831,0.5109208701677584,4.035660694512444e-14,4.0,22200.0,1e-07,0.9051149831305206
832,0.3522179546750712,1.3877787807814457e-15,3.0,17200.0,1e-07,0.12719662578064783
833,0.886251664258237,1.4336590803409877e-09,2.0,12200.0,1e-07,0.9753172583846216
834,0.6694187804282705,6.661338147750939e-16,5.0,27800.0,1e-07,0.15609510214627254
835,0.4271589765526488,2.158326295464974e-10,4.0,22500.0,1e-07,0.6410032133106652
836,0.1125195597713687,-5.814084769184547e-10,2.0,11900.0,1e-07,0.1897764947876398
837,0.25023523189140834,2.7755575615628914e-17,3.0,17400.0,1e-07,0.12199088189683382
838,0.15010380515832913,4.55427362489047e-13,2.0,12100.0,1e-07,0.13079081106604107
839,0.3544574772972973,5.484501741648273e-14,5.0,27700.0,1e-07,0.9767155411707228
840,0.8138184650551286,3.219646771412954e-15,3.0,17000.0,1e-07,0.9331884592397651
841,0.556949793888533,1.6653345369377348e-16,3.0,17000.0,1e-07,0.4333091242396452
842,0.6319734498180499,2.9898306053155466e-13,3.0,17300.0,1e-07,0.4542469407300802
843,0.12112245310957266,-9.148792834423602e-13,3.0,17300.0,1e-07,0.27064365784167765
844,0.15652204801161915,-1.810149807823791e-10,4.0,22400.0,1e-07,0.36694512360739795
845,0.4200026233378915,2.75935652799264e-09,3.0,17100.0,1e-07,0.7836362738099573
846,0.3516287993492278,6.06765349631111e-08,2.0,12000.0,1e-07,0.23403216175307695
847,0.8265765156356302,-2.0886514739970607e-11,4.0,22200.0,1e-07,0.8589868164308334
848,0.5102408934474747,-2.9559307612725405e-08,3.0,17300.0,1e-07,0.6299503554305665
849,0.6783413271921113,-5.3486343964959104e-09,3.0,17500.0,1e-07,0.4640137219211815
850,0.2615659328639601,1.7855688993345664e-08,3.0,17100.0,1e-07,0.5022851872554842
851,0.19954401764134344,1.5612511283791264e-17,3.0,17300.0,1e-07,0.2493033663841846
852,0.6372064300951229,1.1102230246251565e-16,4.0,23400.0,1e-07,0.9588135423641545
853,0.1755309996405892,2.7755575615628914e-17,2.0,12100.0,1e-07,0.16320772486119406
854,0.8786155598568833,-6.161737786669619e-15,2.0,12200.0,1e-07,0.8635110648649601
855,0.27328389111289697,2.2291612999936206e-12,3.0,17800.0,1e-07,0.023003767334449643
856,0.6301485317209131,7.51620987671231e-14,2.0,12000.0,1e-07,0.6344752278451546
857,0.8789797743768181,1.1102230246251565e-16,4.0,22700.0,1e-07,0.6738126770734358
858,0.25046248488093836,3.747002708109903e-15,4.0,22500.0,1e-07,0.07998490178063244
859,0.3652750009008698,2.2185766113125283e-08,2.0,20800.0,1e-07,0.2792018561617534
860,0.26935080256156435,1.5552528848106206e-09,5.0,27900.0,1e-07,0.8450205750310621
861,0.20608713824672728,-1.0361366931110894e-08,7.0,37700.0,1e-07,0.42932476192623314
862,0.3002800734949442,3.93574062229618e-14,3.0,17300.0,1e-07,0.21111249034428736
863,0.5833687373908847,1.4278101978515423e-08,3.0,17400.0,1e-07,0.9418658870355409
864,0.5376558440304838,1.5020262811304974e-11,4.0,22400.0,1e-07,0.6334395907763959
865,0.2564815628265077,1.4202722331546624e-11,4.0,22500.0,1e-07,0.9097026275398044
866,0.36018758278350804,1.1712852909795402e-14,2.0,12000.0,1e-07,0.3435459564112483
867,0.9961424324613679,-5.5133231313675424e-11,3.0,17500.0,1e-07,0.8473197938720588
868,0.4787244879203621,5.241562801849842e-09,3.0,17500.0,1e-07,0.913111884202311
869,0.8796437592905416,3.885780586188048e-15,5.0,28000.0,1e-07,0.4141638598506562
870,0.394336176225326,-1.908633884273314e-08,2.0,12100.0,1e-07,0.43805151023256816
871,0.38091361370226384,-4.447830992404533e-15,2.0,11900.0,1e-07,0.3727850485140469
872,0.6347491429498299,4.0253911315346613e-13,3.0,17200.0,1e-07,0.8425290175939015
873,0.7563506252926463,7.216449660063518e-15,2.0,12000.0,1e-07,0.7591534973553884
874,0.02684474968572863,-1.392982951209376e-15,2.0,13100.0,1e-07,0.0394267111487957
875,0.6077282350731821,-4.7694914878659844e-08,2.0,18600.0,1e-07,0.5293761842424753
876,0.40635661927505956,3.6789291446570616e-08,3.0,27800.0,1e-07,0.007173784610408185
877,0.6506300417931015,6.621170278720001e-11,5.0,41300.0,1e-07,0.06141018567128931
878,0.17053667358394461,5.252244056341837e-10,2.0,12600.0,1e-07,0.1343483263253804
879,0.30194804753335547,-1.3904928319874443e-09,3.0,17500.0,1e-07,0.4162473321771569
880,0.0451989330691396,1.0685512804448072e-12,6.0,45500.0,1e-07,0.7159117971969287
881,0.8491679224266203,-7.827072323607354e-15,3.0,17100.0,1e-07,0.735040568550675
882,0.43787152058835443,1.1088352458443751e-14,3.0,17200.0,1e-07,0.5343381965711551
883,0.6107984044582172,2.942091015256665e-15,3.0,17100.0,1e-07,0.796257241193355
884,0.32457425271546053,1.466882171285988e-14,5.0,54100.0,1e-07,0.9778852227110434
885,0.6012168694634613,5.411893155837788e-12,3.0,17700.0,1e-07,0.35931152188674664
886,0.7847161246875759,2.1068369271404208e-11,5.0,27400.0,1e-07,0.30771140911882655
887,0.07237539170181637,4.350162008176159e-09,1.0,6900.0,1e-07,0.07298759897484874
888,0.09638303568178129,5.303961189782186e-08,4.0,22700.0,1e-07,0.4047210595293018
889,0.27159595996722424,-1.961093168412198e-08,2.0,12100.0,1e-07,0.3554958473427293
890,0.13745249864536238,3.452099717193846e-16,5.0,27700.0,1e-07,0.8103247537141361
891,0.8465833146310975,4.31813507173473e-09,4.0,22100.0,1e-07,0.19355811131987122
892,0.3531392384947054,3.5513259000197195e-14,5.0,27500.0,1e-07,0.5484388760557849
893,0.6618510095313042,2.256299724834321e-08,3.0,17100.0,1e-07,0.9153536765199679
894,0.3990178318599259,-1.3627337105970305e-15,2.0,11900.0,1e-07,0.3884413426812279
895,0.9364105398039398,-2.8735727131135036e-09,6.0,32800.0,1e-07,0.6510469366082399
896,0.722545157811715,-1.2382872505156683e-12,1.0,6700.0,1e-07,0.7224529822796909
897,0.3559680453329864,3.155253835984695e-13,2.0,12100.0,1e-07,0.33665076487213674
898,0.47913932428111855,2.3436808049837055e-13,3.0,17400.0,1e-07,0.3820785454241624
899,0.5846765569514429,9.766887298923166e-11,4.0,38200.0,1e-07,0.2363038768666642
900,0.7089434018964893,8.326672684688674e-17,2.0,12200.0,1e-07,0.7031478648392496
901,0.02389659332506775,-1.278924882663901e-13,2.0,12100.0,1e-07,0.045322022471876666
902,0.8811317070199843,7.771561172376096e-16,2.0,12200.0,1e-07,0.8791077018167321
903,0.4403429869526499,5.551115123125783e-17,4.0,22600.0,1e-07,0.016844942843772692
904,0.7755992235104644,1.439781760481651e-08,4.0,22400.0,1e-07,0.18650180039698583
905,0.7481934168080296,4.6629367034256575e-15,3.0,17100.0,1e-07,0.9319681034384505
906,0.3401833122410501,1.2719763436974674e-10,4.0,22200.0,1e-07,0.9670476135259386
907,0.4495982756066586,1.0574874309554616e-14,4.0,22400.0,1e-07,0.2941952045391356
908,0.4040395968827165,2.330967918684479e-10,3.0,17300.0,1e-07,0.26201950608116875
909,0.5509818174795803,-3.1025529367845195e-15,2.0,12000.0,1e-07,0.5360908290935599
910,0.9103619145306879,2.6734447988729926e-12,2.0,12000.0,1e-07,0.9520369001974748
911,0.39934758218802985,-2.746934624209274e-15,2.0,12100.0,1e-07,0.38812540730774203
912,0.479167042501753,2.3318948993988897e-08,4.0,22500.0,1e-07,0.3840601770682962
913,0.7887198939857447,-5.8074101083605e-12,2.0,18400.0,1e-07,0.7692279329965621
914,0.5634862143434771,1.0543552142472379e-11,3.0,17400.0,1e-07,0.8406410392114742
915,0.3236988047693403,2.3717144748136576e-08,2.0,12000.0,1e-07,0.22325462130265816
916,0.49734052962536557,1.6492492926900582e-09,3.0,17200.0,1e-07,0.11753982266896923
917,0.4382165217344438,5.62701274464672e-12,3.0,17100.0,1e-07,0.6776801626001325
918,0.7693982575369317,-7.811189473017066e-10,2.0,12100.0,1e-07,0.7382061944204458
919,0.21542182359225745,3.191891195797325e-16,2.0,12400.0,1e-07,0.2085110762984006
920,0.3134658771813141,-1.1416733114444355e-09,3.0,17300.0,1e-07,0.447756054588185
921,0.841580094624246,-1.9427408959327153e-08,3.0,17000.0,1e-07,0.5874005889703933
922,0.9250621560510448,-4.85722573273506e-16,3.0,17200.0,1e-07,0.7513165911530103
923,0.7796330891827081,8.222988956418931e-10,4.0,22400.0,1e-07,0.021931920599229437
924,0.8643092193788741,1.1102230246251565e-16,6.0,32700.0,1e-07,0.7119604924170175
925,0.5741725907464603,2.1001677230625404e-08,3.0,17200.0,1e-07,0.3120354005241036
926,0.8483948216505217,5.978009642859661e-09,3.0,17100.0,1e-07,0.7364291504632127
927,0.6541242418493751,5.551115123125783e-17,3.0,17100.0,1e-07,0.7349765332252706
928,0.14093947641578577,-4.4333980930844064e-13,2.0,12100.0,1e-07,0.16141675224135899
929,0.30820665543097814,5.855168849766557e-10,3.0,17500.0,1e-07,0.057051264246892
930,0.5506058835270512,-1.2740025701063473e-08,5.0,28000.0,1e-07,0.7500955627120349
931,0.6870563840177661,9.853229343548264e-16,2.0,11800.0,1e-07,0.7005529349181927
932,0.5807001560647184,-1.2041756480840604e-13,3.0,17100.0,1e-07,0.4839403390606576
933,0.4636714398670764,6.636600713427754e-10,2.0,12100.0,1e-07,0.48911276923318525
934,0.6902831524826353,7.772444798881395e-09,3.0,17600.0,1e-07,0.44545862108705436
935,0.1849411177055683,0.0,3.0,17100.0,1e-07,0.018317250943771568
936,0.9052812066933572,-4.9766833015718603e-11,2.0,11900.0,1e-07,0.845093479020025
937,0.903822790598894,-7.593925488436071e-14,3.0,17000.0,1e-07,0.8144943935317762
938,0.2913761901135665,4.996003610813204e-16,3.0,17200.0,1e-07,0.053077112918626046
939,0.07093201916516086,-5.283863624416796e-12,3.0,17300.0,1e-07,0.2609154561215815
940,0.18384160759864246,2.8924307393651816e-11,3.0,17400.0,1e-07,0.029565195443460368
941,0.5367821990389319,1.1918521725107212e-12,3.0,16900.0,1e-07,0.6828453066749449
942,0.39589142557134355,-1.4420088012556675e-08,2.0,12100.0,1e-07,0.44283992695334984
943,0.7100732936448885,-2.416362887558421e-09,3.0,17200.0,1e-07,0.6065319722700916
944,0.6988496722727532,3.697042672001771e-14,4.0,22700.0,1e-07,0.2793484184969295
945,0.1933684687122848,2.2860763934651196e-08,6.0,32500.0,1e-07,0.8804334149199551
946,0.30254520485313574,-3.3511632357985377e-10,3.0,17000.0,1e-07,0.4875001793466537
947,0.3064243343160623,3.874387234648058e-09,3.0,17100.0,1e-07,0.5371374287011557
948,0.28521775209678396,-9.577338921928913e-13,3.0,17300.0,1e-07,0.4730515894323273
949,0.31496163022696816,2.0660556598883772e-12,6.0,32800.0,1e-07,0.006992076666760716
950,0.36266585423291914,-6.0017437686354924e-09,2.0,12100.0,1e-07,0.4323551921660894
951,0.7104572797513328,4.2431058666636545e-11,3.0,21400.0,1e-07,0.9248055701648273
952,0.692647931226266,-8.326672684688674e-17,4.0,32800.0,1e-07,0.523304414693152
953,0.7712801985933627,3.409461601933117e-11,4.0,23200.0,1e-07,0.10889845169482104
954,0.6110376554806141,-4.045375145977914e-13,3.0,17400.0,1e-07,0.4946316705179714
955,0.04394814393084636,-1.7139067942650854e-15,3.0,17500.0,1e-07,0.20810506601720602
956,0.15767258045311391,3.644201260200042e-11,5.0,27200.0,1e-07,0.5533564411417279
957,0.6398880345890711,3.8619067055378764e-08,2.0,12000.0,1e-07,0.5620846655349698
958,0.4872550518253305,6.657617374061786e-09,4.0,22300.0,1e-07,0.9804354998707988
959,0.17122028980569584,-7.459224904415862e-11,2.0,12300.0,1e-07,0.22252176301561788
960,0.4381946348110998,1.1547140743584094e-09,4.0,22500.0,1e-07,0.06448315152001949
961,0.14683842668127972,1.7383112150236302e-08,4.0,28100.0,1e-07,0.6989923556628502
962,0.4031081220607498,3.5677016896329405e-13,3.0,17400.0,1e-07,0.08039848025110785
963,0.7184091405038004,2.124012077331372e-11,4.0,22500.0,1e-07,0.49717292585842554
964,0.08271322990317742,-1.4267753645214043e-13,3.0,17300.0,1e-07,0.2900021889054989
965,0.9132066302829048,-4.71723662354151e-08,6.0,32800.0,1e-07,0.6049577784200795
966,0.7031653873860901,5.551115123125783e-17,3.0,17100.0,1e-07,0.7525900959772901
967,0.7236319903173585,2.404743071338089e-13,4.0,22400.0,1e-07,0.49156209007352436
968,0.5542846371554426,-4.3100667479478716e-10,2.0,12000.0,1e-07,0.5088822448721447
969,0.9167049165158532,7.509548094475349e-09,4.0,22400.0,1e-07,0.6725309290641465
970,0.5694660312400571,5.551115123125783e-17,4.0,22500.0,1e-07,0.0021317332235678554
971,0.5064635138917127,1.41948020560001e-08,4.0,23400.0,1e-07,0.3890216623424193
972,0.6402664228111874,-4.4214960859267904e-10,2.0,12100.0,1e-07,0.5891423690728347
973,0.5572491453244829,6.355027615256859e-11,3.0,17300.0,1e-07,0.3351893124339098
974,0.2834736225588674,7.747011365744072e-12,5.0,27700.0,1e-07,0.7735368824834713
975,0.3568204014512811,1.3877787807814457e-17,4.0,22300.0,1e-07,0.5393746013766023
976,0.04865883601084948,1.1017938297830376e-11,2.0,11900.0,1e-07,0.037428541666401416
977,0.8811842783125142,-4.988232049640828e-13,2.0,12000.0,1e-07,0.8882710465804509
978,0.28446193748338766,1.6131540547803525e-13,2.0,11900.0,1e-07,0.26984573924006283
979,0.2660829227811395,3.469446951953614e-16,4.0,22400.0,1e-07,0.40505949569967603
980,0.3459313240686812,4.4927993270160727e-10,3.0,17200.0,1e-07,0.6429749665456392
981,0.4502402313290575,-3.347322419244847e-14,4.0,22400.0,1e-07,0.6061303181365748
982,0.420637442222193,-6.472348504371617e-09,2.0,12000.0,1e-07,0.39077734836831834
983,0.48958684966830857,5.551115123125783e-17,4.0,22500.0,1e-07,0.02574409222297447
984,0.36402354075228466,3.5754732508053166e-13,4.0,22900.0,1e-07,0.054414524197814895
985,0.9210294325762827,-6.9623120740880395e-09,3.0,17200.0,1e-07,0.6322200817384103
986,0.9913824970299603,-6.955408471398528e-11,3.0,17000.0,1e-07,0.8154494030585124
987,0.6807162748828711,0.0,4.0,22200.0,1e-07,0.38455702584142526
988,0.21254412687694482,1.2878427647217139e-09,3.0,17300.0,1e-07,0.4181438709509032
989,0.6290009208731835,-3.0726837740857604e-11,2.0,12000.0,1e-07,0.5870262031116237
990,0.33939058547732687,3.0314396826103263e-12,3.0,17000.0,1e-07,0.5257023636445518
991,0.47537553807609223,5.58312168719155e-09,3.0,17100.0,1e-07,0.25217638109051255
992,0.7289680287698453,7.126243262156606e-09,4.0,22300.0,1e-07,0.3788366649922925
993,0.9110533849616119,-2.680604971327938e-08,2.0,12000.0,1e-07,0.8768588018606445
994,0.7051393391734475,2.964295475749168e-14,4.0,22500.0,1e-07,0.45449872852772233
995,0.47375123160940386,5.551115123125783e-17,4.0,22600.0,1e-07,0.6486807032310364
996,0.47907407635273797,-1.2986579686624644e-08,2.0,15900.0,1e-07,0.42829435921018677
997,0.5561506604810332,2.2670754162845697e-13,3.0,42400.0,1e-07,0.3172369336067905
998,0.5534474782700929,2.9864967943105114e-08,2.0,12000.0,1e-07,0.49230241424727483
999,0.6697793566470416,9.921508059562711e-13,5.0,27700.0,1e-07,0.5567308955717555
