,x0,f(x0),Iterações,Tempo,Epsilon,Valor inicial,Distancia,Convergiu
0,-1.1613619164154896,-8.154532604720544e-11,8.0,138000.0,1e-09,0.30228064159789547,1.0,1.0
1,-1.400105394090991,-3.512956592288674e-11,8.0,83300.0,1e-09,0.23114855823754765,1.0,1.0
2,-0.7248407962965047,-5.551115123125783e-17,8.0,81100.0,1e-09,0.9298157576134448,1.0,1.0
3,-0.5372175178770021,-6.643069427880732e-11,5.0,63200.0,1e-09,0.2798013070662626,1.0,1.0
4,-2.1404498890881882,-9.064415884552091e-13,19.0,296600.0,1e-09,0.30676997539473816,1.0,1.0
5,-1.9325774506632927,-1.1146639167236572e-13,17.0,129600.0,1e-09,0.8547854573311311,1.0,1.0
6,-1.470793097579756,-1.8954282587912985e-13,8.0,229700.0,1e-09,0.077111792061202,1.0,1.0
7,-0.4851184116196706,-4.718447854656915e-16,7.0,114100.0,1e-09,0.42781800497550604,1.0,1.0
8,-0.770797911766809,-3.838040996129166e-13,6.0,70000.0,1e-09,0.8353367380865953,1.0,1.0
9,-0.1670067060606701,3.7761460625063137e-13,6.0,68900.0,1e-09,0.1669120517376108,1.0,1.0
10,-0.823379291636537,-6.980760414165843e-11,6.0,67900.0,1e-09,0.35143163775206954,1.0,1.0
11,-1.6994544072463278,-3.827849148763107e-11,11.0,95200.0,1e-09,0.2563677940887551,1.0,1.0
12,-0.0037592545257324307,2.47198095326695e-17,6.0,68300.0,1e-09,0.3419842286164503,1.0,1.0
13,-7.047771555489425,-1.2985880148974616e-09,65.0,403500.0,1e-09,0.7301536162741823,1.0,1.0
14,-0.6013937700017105,-1.260899162858209e-10,5.0,63100.0,1e-09,0.3855920457964719,1.0,1.0
15,-1.397028401217906,-4.5630166312093934e-14,9.0,85500.0,1e-09,0.5693458582528826,1.0,1.0
16,-0.5640430444145917,-3.3728575488112256e-12,5.0,63200.0,1e-09,0.22679373001003822,1.0,1.0
17,-1.0708632662358821,-1.5272227926743653e-12,8.0,79800.0,1e-09,0.961742506625107,1.0,1.0
18,-0.18774678136009673,8.002903895132363e-13,5.0,63500.0,1e-09,0.2250605208738682,1.0,1.0
19,-0.4928606626988354,-6.747324921008158e-12,5.0,62900.0,1e-09,0.09098742354971945,1.0,1.0
20,-0.957716235415136,-2.1426194152240896e-12,8.0,78700.0,1e-09,0.46897700407823784,1.0,1.0
21,-0.7079244061693354,-3.39415495709261e-10,6.0,68700.0,1e-09,0.6050076412449429,1.0,1.0
22,-0.14828082014828284,-6.884770531456752e-14,5.0,63000.0,1e-09,0.2912272720669101,1.0,1.0
23,-0.9594506838529232,-7.993914419301973e-10,6.0,67600.0,1e-09,0.6804653577516269,1.0,1.0
24,-1.3811047606834934,-2.220446049250313e-16,7.0,72100.0,1e-09,0.5391944311242097,1.0,1.0
25,-0.5759446961798571,-3.552713678800501e-15,5.0,63000.0,1e-09,0.04078634612821941,1.0,1.0
26,-0.8680192341463614,-5.329070518200751e-15,6.0,94200.0,1e-09,0.3052693050505795,1.0,1.0
27,-2.2093212306292123,-2.2870594307278225e-13,6.0,68000.0,1e-09,0.7200515441884028,1.0,1.0
28,-1.3425498879751232,-1.6653345369377348e-16,9.0,84200.0,1e-09,0.5489991037363784,1.0,1.0
29,-0.29972940140016524,-8.752605584749773e-11,6.0,67500.0,1e-09,0.37459109075039687,1.0,1.0
30,-0.9512574163251122,-2.0024870650559023e-11,7.0,73000.0,1e-09,0.5093857532437056,1.0,1.0
31,-1.4534932037047052,-2.7111646261346323e-13,12.0,99800.0,1e-09,0.3924968348505591,1.0,1.0
32,-0.20588130903628812,-2.6024896127019304e-10,5.0,62700.0,1e-09,0.5927249087230638,1.0,1.0
33,-0.7851115324181072,-1.1102230246251565e-16,6.0,67600.0,1e-09,0.24832523890702185,1.0,1.0
34,-0.9476186129343833,-2.5304802697689865e-10,7.0,72900.0,1e-09,0.1736013876971425,1.0,1.0
35,-5.094458491352005,-1.4056034114418026e-11,16.0,169600.0,1e-09,0.8277656029642304,1.0,1.0
36,-0.10805064513246761,7.513087374455552e-12,5.0,62500.0,1e-09,0.1953351459315934,1.0,1.0
37,-1.277187226061723,-1.1102230246251565e-16,7.0,112000.0,1e-09,0.888601968037323,1.0,1.0
38,-0.6622018016017066,-3.7703173916270316e-13,6.0,68800.0,1e-09,0.7085443787283834,1.0,1.0
39,-0.6657415548013547,-1.1102230246251565e-16,6.0,67200.0,1e-09,0.3991253203123155,1.0,1.0
40,-0.1736609967272688,0.0,6.0,67100.0,1e-09,0.3630733708390367,1.0,1.0
41,-1.134759482192256,-1.454392162258955e-14,7.0,72600.0,1e-09,0.2630573707192603,1.0,1.0
42,-1.7279264989753231,-5.551115123125783e-16,15.0,116700.0,1e-09,0.8525707129681406,1.0,1.0
43,-0.8250119093281252,-2.19824158875781e-14,6.0,67900.0,1e-09,0.39540820704578294,1.0,1.0
44,-0.977359215094165,-9.822831437134028e-11,7.0,72500.0,1e-09,0.9968786960047485,1.0,1.0
45,-0.8855066603633391,-5.090372567906343e-12,11.0,93700.0,1e-09,0.32971081618982323,1.0,1.0
46,-1.0617963973990214,-1.432187701766452e-14,7.0,73000.0,1e-09,0.4370418444952936,1.0,1.0
47,-0.28893378218729826,-4.353906124521245e-12,4.0,64600.0,1e-09,0.026714603372648527,1.0,1.0
48,-0.5497448298720569,-1.3877787807814457e-17,10.0,88000.0,1e-09,0.9243015921214152,1.0,1.0
49,-1.0162720098196432,-8.98187080267121e-12,11.0,93800.0,1e-09,0.1684808482544512,1.0,1.0
50,-1.3841774364644646,-1.1102230246251565e-16,20.0,143600.0,1e-09,0.4856785207909867,1.0,1.0
51,-1.173525328838433,-3.000932835561798e-13,8.0,84400.0,1e-09,0.3295322402725561,1.0,1.0
52,-1.1479142761304846,-4.030109579389318e-14,7.0,73600.0,1e-09,0.6068400244207779,1.0,1.0
53,-1.3149784992820541,-7.771561172376096e-16,9.0,83600.0,1e-09,0.030421255508395695,1.0,1.0
54,-0.19131511890566186,2.7755575615628914e-15,6.0,68300.0,1e-09,0.22661073792890907,1.0,1.0
55,-0.8161987848035717,-4.877065418185111e-10,8.0,77600.0,1e-09,0.46228517016268733,1.0,1.0
56,-2.7891798979382645,-9.72155689282772e-12,5.0,63200.0,1e-09,0.04478623001756865,1.0,1.0
57,-0.883875398029126,-5.551115123125783e-16,6.0,68200.0,1e-09,0.0020114220451854514,1.0,1.0
58,-1.4080328675556255,-9.439671266875393e-13,11.0,94500.0,1e-09,0.9307837331628823,1.0,1.0
59,-1.1073679293177359,-1.3311574065255627e-13,10.0,89400.0,1e-09,0.834287944144427,1.0,1.0
60,-3.174967330823496,-1.024829179852027e-11,42.0,261700.0,1e-09,0.870332859625649,1.0,1.0
61,-1.1671748303092642,1.1102230246251565e-16,10.0,90400.0,1e-09,0.19755792350674717,1.0,1.0
62,-0.6320299784718565,6.467049118441537e-15,7.0,73600.0,1e-09,0.4492311348806176,1.0,1.0
63,-0.613998047757913,-7.744493379924222e-10,5.0,62900.0,1e-09,0.040134231496826156,1.0,1.0
64,-0.9173681195806545,-1.163227847378323e-11,10.0,107200.0,1e-09,0.29074530902517126,1.0,1.0
65,-1.399411262754059,0.0,15.0,115900.0,1e-09,0.34712316690154144,1.0,1.0
66,-1.4101984166235946,-9.343326112798422e-11,13.0,105900.0,1e-09,0.8971584011700074,1.0,1.0
67,-0.5159517954110424,-2.277067423506196e-13,6.0,72900.0,1e-09,0.6759771445462749,1.0,1.0
68,-1.6654207909355758,-5.704325900524054e-12,6.0,66900.0,1e-09,0.19801437008824585,1.0,1.0
69,-0.8560631446497208,-9.43689570931383e-16,7.0,73000.0,1e-09,0.3305427510454598,1.0,1.0
70,-1.0520303820744885,-1.6375789613221059e-15,18.0,132500.0,1e-09,0.30110305161199624,1.0,1.0
71,-1.525181207705395,-2.7755575615628914e-16,8.0,81000.0,1e-09,0.06608827606208967,1.0,1.0
72,-1.287233336382178,-6.012834674606893e-11,7.0,74700.0,1e-09,0.5597318053535093,1.0,1.0
73,-0.5373736622568968,-2.2664092824697946e-12,10.0,87700.0,1e-09,0.8076369800723924,1.0,1.0
74,-1.3293563832930968,-1.4432899320127035e-15,15.0,121200.0,1e-09,0.0028934490986862738,1.0,1.0
75,-0.6410289711231005,-4.304723244530351e-11,6.0,68400.0,1e-09,0.36872747540912765,1.0,1.0
76,-1.036427835279082,-4.551914400963142e-15,6.0,68500.0,1e-09,0.3305476008794239,1.0,1.0
77,-0.9855099456490286,-6.7839067696695565e-12,9.0,84100.0,1e-09,0.00962079784329839,1.0,1.0
78,-2.3631162437936735,-2.0233814623793478e-14,19.0,141800.0,1e-09,0.7622381939736232,1.0,1.0
79,-0.44348671080331303,0.025591189578124077,101.0,580200.0,1e-09,0.07294113302883609,1.0,0.0
80,-0.2936494745583129,-8.326672684688674e-17,6.0,72300.0,1e-09,0.40840218197206435,1.0,1.0
81,-5.025162125328814,-1.0220602142396729e-11,18.0,132100.0,1e-09,0.010733367188149212,1.0,1.0
82,-0.6549765573652786,-1.8728052442185117e-10,5.0,63400.0,1e-09,0.15422195096584823,1.0,1.0
83,-0.19784598409425388,1.4203525855460697e-10,7.0,72400.0,1e-09,0.9776718234226126,1.0,1.0
84,-0.814136989909779,0.0,5.0,61200.0,1e-09,0.09231722142657872,1.0,1.0
85,-0.2879121844033192,-1.1102230246251565e-16,7.0,75100.0,1e-09,0.6869664640336587,1.0,1.0
86,-1.0673925732696459,-1.1102230246251565e-16,8.0,79400.0,1e-09,0.3557685342562398,1.0,1.0
87,-0.2873681114563508,-6.83481049534862e-16,11.0,94500.0,1e-09,0.8278414571806975,1.0,1.0
88,-0.9825846497680419,-4.3632852886332785e-10,8.0,78100.0,1e-09,0.33212498066697904,1.0,1.0
89,-0.872555122273842,-5.122072765928465e-10,6.0,67500.0,1e-09,0.4120799242359501,1.0,1.0
90,-1.3513911199593949,-1.390348947083453e-10,5.0,66900.0,1e-09,0.16744292903105595,1.0,1.0
91,-4.636696720049496,-1.6118664181163922e-09,27.0,180700.0,1e-09,0.3739069086139529,1.0,1.0
92,-0.9886593119657829,-3.805844528415037e-12,6.0,67600.0,1e-09,0.5368453942897876,1.0,1.0
93,-1.374023018092867,1.1102230246251565e-16,13.0,105500.0,1e-09,0.8294528966913541,1.0,1.0
94,-0.9120654300382883,-1.1102230246251565e-16,6.0,67600.0,1e-09,0.41584612525580156,1.0,1.0
95,-0.8533297233029511,-5.095646127273312e-13,15.0,114100.0,1e-09,0.6765702212777802,1.0,1.0
96,-0.8198843001615768,-6.661338147750939e-16,6.0,66800.0,1e-09,0.18984571723151888,1.0,1.0
97,-1.3528841349069989,-2.4635848916432224e-13,10.0,88900.0,1e-09,0.5037438795372485,1.0,1.0
98,-0.4905492582183325,-5.551115123125783e-17,6.0,71100.0,1e-09,0.4740916125090101,1.0,1.0
99,-2.5209948252769547,-8.240599314035535e-10,7.0,72800.0,1e-09,0.7782400667798433,1.0,1.0
100,-1.9789419661414596,-3.3306690738754696e-16,8.0,82100.0,1e-09,0.5033641846883888,1.0,1.0
101,-1.194942467336365,-3.3603231308632076e-11,7.0,72900.0,1e-09,0.10730793236700276,1.0,1.0
102,-1.0922315246793382,-2.220446049250313e-16,8.0,88200.0,1e-09,0.43050200077980927,1.0,1.0
103,-1.1074690387903998,-1.7145918018712791e-10,5.0,62600.0,1e-09,0.08117609724273722,1.0,1.0
104,-1.1664403728417827,-6.356137838281484e-12,16.0,121100.0,1e-09,0.7298373237276455,1.0,1.0
105,-1.1746277815702415,-9.923190047445019e-11,12.0,100900.0,1e-09,0.2550545362241614,1.0,1.0
106,-1.617600502265051,-8.181055832778839e-11,11.0,95500.0,1e-09,0.18436567961834072,1.0,1.0
107,-0.7146692802963078,-1.0338396805309458e-12,6.0,67500.0,1e-09,0.19078343600800352,1.0,1.0
108,-0.9135315591349299,-5.009755110751968e-11,57.0,347400.0,1e-09,0.9856594136275096,1.0,1.0
109,-1.1678719456224091,-7.958387282513968e-10,5.0,62800.0,1e-09,0.848293583054835,1.0,1.0
110,-1.2616404378055777,-9.992007221626409e-16,8.0,78800.0,1e-09,0.7045173767512225,1.0,1.0
111,-0.5874206481119384,-9.022393943070028e-11,5.0,63400.0,1e-09,0.33386695493565444,1.0,1.0
112,-0.8520634085591603,-6.661338147750939e-16,6.0,68000.0,1e-09,0.14037199015227642,1.0,1.0
113,-3.0856598853242563,-2.8727020762175925e-15,58.0,355800.0,1e-09,0.6364840321459535,1.0,1.0
114,-0.7591888166433179,-7.329132856170872e-10,7.0,72700.0,1e-09,0.930975058306879,1.0,1.0
115,-1.0393992320753385,-1.0269562977782698e-14,12.0,100500.0,1e-09,0.5922682227686932,1.0,1.0
116,-0.607736757192047,-2.1094237467877974e-15,7.0,73800.0,1e-09,0.8304535881724437,1.0,1.0
117,-0.6543868445310796,-1.3772308293802382e-10,5.0,61900.0,1e-09,0.2181373091329707,1.0,1.0
118,-0.6699139135336295,-6.605826996519681e-14,8.0,99200.0,1e-09,0.7344459202932738,1.0,1.0
119,-0.11534673229311838,2.3330781750985352e-12,6.0,67900.0,1e-09,0.4854388174371632,1.0,1.0
120,-1.0605335574005732,-1.3450351943333771e-13,11.0,95000.0,1e-09,0.9669034273090586,1.0,1.0
121,-0.29718116771461006,9.662881605976281e-12,8.0,84100.0,1e-09,0.41646544482179315,1.0,1.0
122,-0.7073035310735347,5.551115123125783e-17,7.0,73800.0,1e-09,0.11744268890494858,1.0,1.0
123,-1.1412184510171741,-9.385936472483536e-12,11.0,94200.0,1e-09,0.9578087309896627,1.0,1.0
124,-0.8581498224443743,-6.66329214027428e-11,7.0,73300.0,1e-09,0.20998044735805177,1.0,1.0
125,-0.6988182544832673,-2.2749579997594083e-12,6.0,67800.0,1e-09,0.40301707961831823,1.0,1.0
126,-0.5572208208486236,-1.4533663161842014e-10,4.0,79600.0,1e-09,0.13074107452434658,1.0,1.0
127,-0.5318077590448225,-8.326672684688674e-17,10.0,89800.0,1e-09,0.7772343587575444,1.0,1.0
128,-1.018314347091067,-2.9476421303797906e-13,7.0,74100.0,1e-09,0.9730781773416919,1.0,1.0
129,-1.006381253822094,-1.9776269510884958e-10,7.0,73400.0,1e-09,0.5015248657305165,1.0,1.0
130,-0.026020246730268027,3.6560122984585774e-11,5.0,86300.0,1e-09,0.3316242526405917,1.0,1.0
131,-0.7888530621399508,-6.86395384974503e-14,14.0,113500.0,1e-09,0.6165328705461045,1.0,1.0
132,-0.8032910944935531,-1.0896006319427443e-10,9.0,84100.0,1e-09,0.9709945494034686,1.0,1.0
133,-1.4424905485536395,-1.949193029204821e-10,97.0,724800.0,1e-09,0.856102933099663,1.0,1.0
134,-4.388403340395484,-3.3306690738754696e-16,17.0,130800.0,1e-09,0.6929450963773235,1.0,1.0
135,-3.270953374559454,-1.6461276786117196e-12,23.0,181400.0,1e-09,0.7491254415512986,1.0,1.0
136,-9.695660678775315,-2.2976286428999515e-09,88.0,516000.0,1e-09,0.5715589588496198,1.0,1.0
137,-1.1286013706140734,-2.817956978873326e-11,8.0,82900.0,1e-09,0.8730374871170035,1.0,1.0
138,-5.712152142977998,-1.3489209749195652e-14,12.0,145700.0,1e-09,0.22413830330385665,1.0,1.0
139,-0.4095979547030286,-5.775269151797602e-12,5.0,62600.0,1e-09,0.7537167474156952,1.0,1.0
140,-0.9395142837294993,-2.55351295663786e-15,7.0,72700.0,1e-09,0.27246623700304906,1.0,1.0
141,-1.0561640837227222,-9.438450021548306e-12,7.0,73000.0,1e-09,0.28380230457911315,1.0,1.0
142,-1.1128707242383744,-2.238810525856394e-10,9.0,87700.0,1e-09,0.15071470091093953,1.0,1.0
143,-1.4425316181337002,-1.1668443988810395e-12,7.0,72900.0,1e-09,0.5913930864794278,1.0,1.0
144,-0.9750914033872751,-1.1597212079550445e-10,9.0,82800.0,1e-09,0.9600023960827028,1.0,1.0
145,-0.22071294244813672,2.8696489628998734e-13,5.0,79500.0,1e-09,0.44463369898550853,1.0,1.0
146,-0.781213933206374,-1.4344081478157023e-13,5.0,67200.0,1e-09,0.20978104440950573,1.0,1.0
147,-30.633842983496596,-9.0427665355719e-14,50.0,303500.0,1e-09,0.064320774666764,1.0,1.0
148,-2.052241633750972,-1.7187228307236069e-09,19.0,157600.0,1e-09,0.4495100980779533,1.0,1.0
149,-1.1059945595991867,-3.1924796140003764e-11,7.0,73700.0,1e-09,0.6225035635662146,1.0,1.0
150,-0.7151815715649785,-7.166767179711542e-12,5.0,82100.0,1e-09,0.15284492001521077,1.0,1.0
151,-0.30444519530003233,0.0,7.0,73100.0,1e-09,0.4398470326438332,1.0,1.0
152,0.31146678375952663,1.0272220289226839,101.0,570000.0,1e-09,0.7366928050105491,1.0,0.0
153,-0.9978569538609665,-5.286771020962533e-12,7.0,76200.0,1e-09,0.7450475893777802,1.0,1.0
154,-1.9588223832728315,-5.74657432750314e-10,8.0,79000.0,1e-09,0.22466511849887594,1.0,1.0
155,-0.8758693662430785,-1.244004899092488e-12,7.0,73000.0,1e-09,0.7765348513698199,1.0,1.0
156,-1.064909524396251,-3.163658224281107e-11,8.0,79400.0,1e-09,0.9595389553096123,1.0,1.0
157,-1.3609131111528374,-3.3306690738754696e-16,10.0,107700.0,1e-09,0.04575698618508839,1.0,1.0
158,-0.581812921261073,-5.504624533969604e-14,17.0,126900.0,1e-09,0.44311098081141576,1.0,1.0
159,-0.3923852386642739,-5.0658199857167574e-11,5.0,63100.0,1e-09,0.17737412182119472,1.0,1.0
160,-0.48164323391444086,1.7457368883810886e-11,6.0,68200.0,1e-09,0.44511416147677185,1.0,1.0
161,-0.04196554129123657,1.1690717838241937e-12,4.0,55800.0,1e-09,0.02916023591471195,1.0,1.0
162,-0.9442448799035859,-8.780420834852976e-12,7.0,76400.0,1e-09,0.5949993906712175,1.0,1.0
163,-0.2617840175839458,-8.326672684688674e-17,7.0,74300.0,1e-09,0.8905426200526744,1.0,1.0
164,-1.187860742556722,-9.326250882679687e-11,8.0,78600.0,1e-09,0.3410062069921298,1.0,1.0
165,-4.13955587273077,-3.3306690738754696e-16,23.0,161000.0,1e-09,0.13433151321105097,1.0,1.0
166,-2.589971837830125,-2.635736073841599e-11,11.0,118600.0,1e-09,0.542949248199854,1.0,1.0
167,-8.491115480868531,-5.218048215738236e-14,76.0,474100.0,1e-09,0.46048368101661874,1.0,1.0
168,-5.973913705252301,-6.661338147750939e-16,42.0,282900.0,1e-09,0.10143499193843919,1.0,1.0
169,-0.43659238349514473,-2.1187634979824566e-12,8.0,80300.0,1e-09,0.7742768542518565,1.0,1.0
170,-0.8532890330608007,-6.439293542825908e-15,8.0,101000.0,1e-09,0.5558111554568427,1.0,1.0
171,-1.4253892897413578,-2.1610935263538522e-11,6.0,67400.0,1e-09,0.17831647937665307,1.0,1.0
172,-1.2385200895870385,-9.35918009759007e-14,9.0,84500.0,1e-09,0.6947682913606845,1.0,1.0
173,-1.5733009676507979,-6.835986221531698e-10,11.0,93500.0,1e-09,0.3183183312624839,1.0,1.0
174,-0.5812538779682642,-7.864123796608169e-10,5.0,177000.0,1e-09,0.2864090436631159,1.0,1.0
175,-1.0155488670599484,-6.697953303103077e-11,8.0,80000.0,1e-09,0.5138991321022557,1.0,1.0
176,-0.9692845375969105,-1.2356249357026172e-10,6.0,68500.0,1e-09,0.8662744038140834,1.0,1.0
177,-0.9427826336404124,0.0,8.0,78300.0,1e-09,0.90324567925761,1.0,1.0
178,-0.6445158483847516,-8.326672684688674e-16,6.0,68000.0,1e-09,0.1826627947883237,1.0,1.0
179,-0.5151549794665353,-7.216449660063518e-16,7.0,73600.0,1e-09,0.27697021761691143,1.0,1.0
180,-0.5543460078104427,-4.112543638967736e-13,8.0,78100.0,1e-09,0.6938434588242275,1.0,1.0
181,-0.9642293755619319,-7.005429569773014e-11,7.0,72700.0,1e-09,0.07292820625859953,1.0,1.0
182,-1.505921655269461,1.1102230246251565e-16,12.0,98700.0,1e-09,0.6670078535157606,1.0,1.0
183,-0.07615567915656186,-2.5673907444456745e-16,6.0,87500.0,1e-09,0.9774438073874951,1.0,1.0
184,-1.3509380706531515,-4.6629367034256575e-15,16.0,124600.0,1e-09,0.2785943433035324,1.0,1.0
185,-1.5202806481530096,2.220446049250313e-16,17.0,126900.0,1e-09,0.47065841836454014,1.0,1.0
186,-0.03970647729848977,6.571304611568962e-11,6.0,88500.0,1e-09,0.7048535379134919,1.0,1.0
187,-1.7611975272129607,-1.0998979504961426e-12,5.0,80800.0,1e-09,0.1773326196495134,1.0,1.0
188,-1.5897449997026294,-9.992007221626409e-16,8.0,78100.0,1e-09,0.43472281507687716,1.0,1.0
189,-0.39791765400380763,2.220446049250313e-16,6.0,67000.0,1e-09,0.5866240675526607,1.0,1.0
190,-1.0227425860140533,-1.4432899320127035e-15,12.0,99600.0,1e-09,0.6826147886655759,1.0,1.0
191,-0.8906709270701597,0.0,9.0,105400.0,1e-09,0.7243457358185817,1.0,1.0
192,-0.9573316802371387,4.163336342344337e-17,12.0,100000.0,1e-09,0.619395835645991,1.0,1.0
193,-2.138144648737612,-3.1186164761720647e-13,12.0,100500.0,1e-09,0.9640422926840904,1.0,1.0
194,-1.0360174814284862,-1.695754647812464e-11,7.0,72800.0,1e-09,0.4899056552844723,1.0,1.0
195,-1.8170996487549695,-2.6606150616004243e-10,8.0,98600.0,1e-09,0.6807309925325918,1.0,1.0
196,-0.6478148931278336,-7.655320821697842e-10,6.0,67500.0,1e-09,0.37588817957679976,1.0,1.0
197,-2.0785175198204286,-1.7852039291277322e-13,33.0,216900.0,1e-09,0.9500962311445731,1.0,1.0
198,-1.5667583892089239,-2.1672194594479777e-10,15.0,116300.0,1e-09,0.9274641246585021,1.0,1.0
199,-1.1946444384340493,-3.3306690738754696e-16,8.0,82700.0,1e-09,0.7176600690917746,1.0,1.0
200,-0.5486209953139055,-5.0255355432682336e-12,6.0,80400.0,1e-09,0.5337396973592251,1.0,1.0
201,-0.9591494942603337,-1.3144999533309942e-09,7.0,73200.0,1e-09,0.35793936917101066,1.0,1.0
202,-0.5613848959772096,-8.049116928532385e-16,8.0,78500.0,1e-09,0.5922864002466938,1.0,1.0
203,-0.8495215195584854,-2.275957200481571e-15,10.0,113500.0,1e-09,0.8323051754787233,1.0,1.0
204,-1.206052328000058,-1.6818146875152706e-10,24.0,165100.0,1e-09,0.474515650470676,1.0,1.0
205,-1.5515052617188017,-1.295646923082927e-11,12.0,99700.0,1e-09,0.24997221427867722,1.0,1.0
206,-1.0798106101058882,-3.3306690738754696e-16,8.0,78600.0,1e-09,0.547127312983077,1.0,1.0
207,0.3840465088668299,0.4298701540192207,101.0,605900.0,1e-09,0.015777206852573222,1.0,0.0
208,-0.0544430174713194,2.6289560806080914e-12,7.0,78800.0,1e-09,0.9427096835696954,1.0,1.0
209,-6.805253046272738,-1.0658141036401503e-14,32.0,207000.0,1e-09,0.7921024245234365,1.0,1.0
210,-0.28169642596344796,0.0,7.0,74200.0,1e-09,0.3651870140525101,1.0,1.0
211,-0.2227927057921208,0.0,5.0,61900.0,1e-09,0.5786007057008813,1.0,1.0
212,-0.01757103758633427,6.794911855401153e-15,5.0,77600.0,1e-09,0.20187991611200007,1.0,1.0
213,-1.0639502812980515,-7.802111179344706e-10,6.0,83600.0,1e-09,0.35505797683756546,1.0,1.0
214,-0.76000084786769,-3.1547875423143523e-10,5.0,63000.0,1e-09,0.8421345443545795,1.0,1.0
215,-1.032786997051267,-5.158484750467096e-12,8.0,77500.0,1e-09,0.11146503843635236,1.0,1.0
216,-12.946490179680483,-4.237480366597879e-10,22.0,176300.0,1e-09,0.6233717802117315,1.0,1.0
217,-0.8823306816239878,-8.992806499463768e-15,7.0,73500.0,1e-09,0.4885173742481236,1.0,1.0
218,-0.7943766702337324,-1.841748975550672e-12,7.0,73400.0,1e-09,0.6502295133335841,1.0,1.0
219,-0.7850560574625189,-5.750955267558311e-14,34.0,219500.0,1e-09,0.4814065888996164,1.0,1.0
220,-0.20512414395814008,-3.9039290897213696e-11,6.0,67600.0,1e-09,0.6162086511036936,1.0,1.0
221,-0.6502370814987445,-2.2834956148187757e-11,22.0,152400.0,1e-09,0.3423295785467573,1.0,1.0
222,-1.1708065844207376,-2.912581287262128e-10,11.0,94100.0,1e-09,0.5372073610395769,1.0,1.0
223,-0.5072256688546453,-1.5543122344752192e-15,6.0,70600.0,1e-09,0.3704456687051769,1.0,1.0
224,-0.5494117909847773,-3.0955793484110927e-13,7.0,72600.0,1e-09,0.5168446022121451,1.0,1.0
225,-0.6797084318210121,-3.523101810287699e-10,6.0,66400.0,1e-09,0.7566525498225551,1.0,1.0
226,-3.25213636638009,-3.552713678800501e-14,7.0,72000.0,1e-09,0.5516180335441284,1.0,1.0
227,-1.0558037745429567,-1.2096157409047237e-11,7.0,73100.0,1e-09,0.44710575629466764,1.0,1.0
228,-3.2754375682402075,-2.2423174428354287e-12,28.0,191200.0,1e-09,0.8547087730883982,1.0,1.0
229,-2.45095025829321,-2.90878432451791e-14,8.0,85900.0,1e-09,0.10058774690598726,1.0,1.0
230,-1.1378194915531055,-3.219646771412954e-15,5.0,62700.0,1e-09,0.2610233257684227,1.0,1.0
231,-0.935766186996745,-5.950795411990839e-14,6.0,68400.0,1e-09,0.02292401278180134,1.0,1.0
232,-0.6764810611561859,-3.707558704491021e-10,5.0,62000.0,1e-09,0.43787429031444525,1.0,1.0
233,-1.2890290699444127,-1.5298873279334657e-13,8.0,165200.0,1e-09,0.12419980349718873,1.0,1.0
234,-0.22900579098590665,1.956548811854475e-11,6.0,69200.0,1e-09,0.5273301721794756,1.0,1.0
235,-0.686005779950448,-1.3248402375154456e-11,6.0,66800.0,1e-09,0.44505555310678346,1.0,1.0
236,-0.8858846835988504,-1.432187701766452e-14,6.0,67300.0,1e-09,0.026838678654594994,1.0,1.0
237,-1.0173918518555949,-1.0436096431476471e-14,9.0,105300.0,1e-09,0.8872969635043435,1.0,1.0
238,-0.9604724765526157,-5.720257600927425e-12,10.0,89800.0,1e-09,0.6438864120504469,1.0,1.0
239,-1.518623575561619,-1.1102230246251565e-16,7.0,73300.0,1e-09,0.8163303886829181,1.0,1.0
240,-1.345648901595618,-6.661338147750939e-16,7.0,74000.0,1e-09,0.279841064547958,1.0,1.0
241,-0.7525631429628034,0.0,8.0,81300.0,1e-09,0.6982019670858921,1.0,1.0
242,-0.7205066161488648,-3.3306690738754696e-16,7.0,72900.0,1e-09,0.35197900680710326,1.0,1.0
243,-0.9604011090316554,-3.658184866139891e-14,6.0,66500.0,1e-09,0.8486457238868935,1.0,1.0
244,-0.00639777693406008,3.642919299551295e-17,7.0,71100.0,1e-09,0.5404353857050629,1.0,1.0
245,-0.6080085728264271,-1.1102230246251565e-16,6.0,67900.0,1e-09,0.26587799647694066,1.0,1.0
246,-0.8212792493547907,-8.193445921733655e-14,6.0,72300.0,1e-09,0.16183815735640172,1.0,1.0
247,-0.7511628386236877,-6.572631328083389e-11,7.0,90600.0,1e-09,0.1262224072073802,1.0,1.0
248,-0.8310398797117422,-6.501731375507802e-10,6.0,104300.0,1e-09,0.23435766128857283,1.0,1.0
249,-1.0197411220301065,-1.1102230246251565e-16,7.0,91600.0,1e-09,0.3630941282174204,1.0,1.0
250,-1.1478023535598505,-3.219646771412954e-15,6.0,68800.0,1e-09,0.22095516760502387,1.0,1.0
251,-1.021566493339127,-2.901525686382911e-10,6.0,67500.0,1e-09,0.3054765814008411,1.0,1.0
252,-0.0018112718723022547,4.348969101508615e-13,5.0,61900.0,1e-09,0.25389617502226036,1.0,1.0
253,-1.253704030742198,-1.5543122344752192e-15,7.0,73200.0,1e-09,0.5581427515510059,1.0,1.0
254,-1.127240609298691,-2.0748047724339358e-10,10.0,93200.0,1e-09,0.881086092402171,1.0,1.0
255,-1.0806077267395653,-2.7278179715040096e-13,7.0,72800.0,1e-09,0.16198629127507136,1.0,1.0
256,-0.8647397076368084,1.1102230246251565e-16,7.0,73600.0,1e-09,0.6130268558893845,1.0,1.0
257,-0.8299114542825731,-1.1102230246251565e-16,9.0,82700.0,1e-09,0.7231306085282442,1.0,1.0
258,-0.7126288808150832,-2.190525538736665e-12,8.0,81700.0,1e-09,0.8717798450183892,1.0,1.0
259,-1.137214642996093,-1.6708856520608606e-14,7.0,72800.0,1e-09,0.19253263388684927,1.0,1.0
260,-5.920623302403155,-2.4424906541753444e-15,10.0,88800.0,1e-09,0.266358585172882,1.0,1.0
261,-0.9865503147967734,-3.275157922644212e-14,6.0,70000.0,1e-09,0.02720302801736041,1.0,1.0
262,-1.0378635834107852,-1.8336887563918935e-11,7.0,75300.0,1e-09,0.8485725383262431,1.0,1.0
263,-0.9829177063564007,-1.8484735964108268e-09,7.0,73000.0,1e-09,0.2770730118821014,1.0,1.0
264,-0.73040905470704,-7.982503547054876e-14,8.0,80100.0,1e-09,0.9306491353676628,1.0,1.0
265,-2.3267459706576843,-2.636835194635978e-11,7.0,73800.0,1e-09,0.8188405139010777,1.0,1.0
266,-0.7742668813593336,-4.440892098500626e-16,7.0,72700.0,1e-09,0.791536307823533,1.0,1.0
267,-0.27282099787771774,7.330247520087596e-14,5.0,60900.0,1e-09,0.3366325943028551,1.0,1.0
268,-1.0875565976843826,-3.885780586188048e-16,8.0,97800.0,1e-09,0.08914687262590715,1.0,1.0
269,-1.6113636228409063,-4.6629367034256575e-15,7.0,73100.0,1e-09,0.4081869991269268,1.0,1.0
270,-1.1890974964995795,-1.9984014443252818e-15,8.0,78100.0,1e-09,0.7475310308145341,1.0,1.0
271,-0.9938206517609487,-1.6051604490030513e-12,6.0,67300.0,1e-09,0.4329646939557803,1.0,1.0
272,-0.5078346514264007,-8.326672684688674e-17,7.0,72100.0,1e-09,0.24728313093927456,1.0,1.0
273,-1.8831362541271257,-2.220446049250313e-16,13.0,104600.0,1e-09,0.9622942568597653,1.0,1.0
274,-0.05346026137902224,1.44953493652622e-14,7.0,72100.0,1e-09,0.8974729710049371,1.0,1.0
275,-0.04235858537139248,1.8897383657900946e-13,6.0,68200.0,1e-09,0.6720575074337631,1.0,1.0
276,-0.6699453535666725,1.6427137428109972e-12,6.0,68200.0,1e-09,0.82421712345767,1.0,1.0
277,-11.529025172680905,-2.224498363290195e-12,42.0,261600.0,1e-09,0.6293180355521343,1.0,1.0
278,-0.803292702463856,-4.440892098500626e-16,7.0,71900.0,1e-09,0.5546198223130109,1.0,1.0
279,-0.7292126229757304,-2.831068712794149e-15,7.0,72700.0,1e-09,0.772568233774396,1.0,1.0
280,-1.3224713179211534,-3.2335245592207684e-15,24.0,182300.0,1e-09,0.6650522676294398,1.0,1.0
281,-0.16671980370154046,6.245004513516506e-16,7.0,72300.0,1e-09,0.5924185082818956,1.0,1.0
282,-2.030981195946733,-6.772360450213455e-15,21.0,166300.0,1e-09,0.6841986719718249,1.0,1.0
283,-1.206737069117334,-1.7763568394002505e-15,6.0,67300.0,1e-09,0.7533188639208953,1.0,1.0
284,-0.7233088064907446,-6.136341434981318e-11,6.0,66600.0,1e-09,0.26830405485477116,1.0,1.0
285,-0.9829268149019985,0.0,8.0,77100.0,1e-09,0.15951106424913009,1.0,1.0
286,-0.17886927176376421,2.0816681711721685e-16,7.0,90700.0,1e-09,0.7095500745977206,1.0,1.0
287,-0.805080761986638,-6.3694605145769856e-12,7.0,73000.0,1e-09,0.9602673435088624,1.0,1.0
288,-1.7266118370559234,-1.19967841216706e-10,9.0,83600.0,1e-09,0.04953247460519894,1.0,1.0
289,-0.18596021372807095,0.0,8.0,78600.0,1e-09,0.8080812043801924,1.0,1.0
290,-5.316262675557649,-3.3306690738754696e-16,18.0,129500.0,1e-09,0.23765019986105995,1.0,1.0
291,-0.8598459112496629,0.0,8.0,80800.0,1e-09,0.5122002730991733,1.0,1.0
292,-1.1236572199885448,-9.022782521128647e-13,7.0,74200.0,1e-09,0.1817179609360533,1.0,1.0
293,-0.8827762006483246,-1.0316636434026805e-11,8.0,77500.0,1e-09,0.6346838727001645,1.0,1.0
294,-0.13866617162122932,5.2031851049960665e-12,6.0,66700.0,1e-09,0.3645568068654762,1.0,1.0
295,-0.5504010826163812,0.0,6.0,67000.0,1e-09,0.31521193915651524,1.0,1.0
296,-0.24182993050235926,0.0,7.0,81500.0,1e-09,0.4792610022898751,1.0,1.0
297,-1.2560861996822115,5.551115123125783e-17,11.0,240600.0,1e-09,0.31779768771375605,1.0,1.0
298,-0.6734634369418409,-3.2583713505118794e-11,5.0,67300.0,1e-09,0.25401774408584255,1.0,1.0
299,-0.6265441284199086,-2.97983859809392e-12,7.0,73100.0,1e-09,0.9936942205000523,1.0,1.0
300,-0.8814901711266633,-3.868427800313157e-11,7.0,72100.0,1e-09,0.22240418644387272,1.0,1.0
301,-0.1663748459913237,9.405254353112014e-13,6.0,67400.0,1e-09,0.8939291975129879,1.0,1.0
302,-0.007750624837731647,1.0442485244566146e-10,5.0,64900.0,1e-09,0.23367060789205385,1.0,1.0
303,-2.7866390285447658,-3.5071945347908695e-13,16.0,123800.0,1e-09,0.9544860623036456,1.0,1.0
304,-1.1830306132359187,-1.0008660566995786e-12,5.0,62000.0,1e-09,0.09474686745161609,1.0,1.0
305,-11.915941926323798,-4.698395283941892e-10,28.0,187000.0,1e-09,0.13238042260810035,1.0,1.0
306,-0.2296865201536275,9.233883102588436e-11,6.0,71600.0,1e-09,0.22465560626788017,1.0,1.0
307,-0.06415311875065542,4.163336342344337e-17,7.0,96100.0,1e-09,0.8592873488223398,1.0,1.0
308,-0.14193550147164452,6.418060527479952e-13,5.0,61700.0,1e-09,0.0038724703628238988,1.0,1.0
309,-0.9193613235819615,-5.200284647344233e-13,7.0,72100.0,1e-09,0.03801974551762499,1.0,1.0
310,-2.365217194785565,-7.216449660063518e-15,14.0,164900.0,1e-09,0.4243499241064701,1.0,1.0
311,-0.010986115651506242,1.0408340855860843e-17,7.0,75900.0,1e-09,0.745304895895927,1.0,1.0
312,-1.7132829840554438,-2.7755575615628914e-17,15.0,115700.0,1e-09,0.9845269110023611,1.0,1.0
313,-1.1087093110035076,-8.659739592076221e-15,7.0,71500.0,1e-09,0.4075986268461068,1.0,1.0
314,-0.6084171088573073,-1.3092305017892159e-13,7.0,72600.0,1e-09,0.5483853927255952,1.0,1.0
315,-1.1856419829148057,-1.330978660618598e-10,6.0,94600.0,1e-09,0.7827644383551642,1.0,1.0
316,-0.7082046651170063,0.0,7.0,120000.0,1e-09,0.3896007460934081,1.0,1.0
317,-0.8443519326077926,-6.243672245886955e-11,5.0,95600.0,1e-09,0.35902491588163354,1.0,1.0
318,-1.0819483589461947,-4.2321979254467124e-10,12.0,108200.0,1e-09,0.05391803067539014,1.0,1.0
319,-0.861457757873376,-1.2402301408087624e-11,8.0,78200.0,1e-09,0.6953434029985864,1.0,1.0
320,-1.571726650347721,-1.4060530517667758e-11,39.0,249200.0,1e-09,0.8649274276916635,1.0,1.0
321,-1.5168688643238815,0.0,9.0,102500.0,1e-09,0.41995438594900025,1.0,1.0
322,-1.2668269306011737,-3.7084335602344254e-11,9.0,83200.0,1e-09,0.45051603122001616,1.0,1.0
323,-1.1547003672640332,-4.3298697960381105e-15,9.0,84000.0,1e-09,0.20181460094914683,1.0,1.0
324,-1.8506678218705332,-3.3306690738754696e-16,12.0,99700.0,1e-09,0.15810951345072077,1.0,1.0
325,-0.7553017348597788,-4.885003512811181e-11,6.0,85600.0,1e-09,0.9704533315314782,1.0,1.0
326,-0.5461990363540544,-9.43689570931383e-16,7.0,72800.0,1e-09,0.659571503457344,1.0,1.0
327,-1.1403803759530342,-1.1102230246251565e-16,11.0,93400.0,1e-09,0.5411242247515623,1.0,1.0
328,-0.6507950317311854,0.0,8.0,77200.0,1e-09,0.5197625244249878,1.0,1.0
329,-1.3432862000344443,-3.7676639585981775e-11,7.0,72600.0,1e-09,0.9586116567889055,1.0,1.0
330,-1.1932177154622428,0.0,8.0,96900.0,1e-09,0.4625694386227588,1.0,1.0
331,-0.9518717250158623,-6.5503158452884236e-15,6.0,67200.0,1e-09,0.1292439326978484,1.0,1.0
332,-0.431579380778066,-6.054459711357651e-11,8.0,78300.0,1e-09,0.9130077980712255,1.0,1.0
333,-0.901164463801853,-4.440892098500626e-16,7.0,72700.0,1e-09,0.9695629046044639,1.0,1.0
334,-0.7834381654441409,-8.01358979174438e-13,7.0,72600.0,1e-09,0.462823152032528,1.0,1.0
335,-1.2963460581205601,-2.5252577806611498e-11,6.0,70200.0,1e-09,0.01000209195060453,1.0,1.0
336,-0.6502778484647115,-2.2863592963329182e-11,17.0,126100.0,1e-09,0.9850053108476168,1.0,1.0
337,-0.6350515757645365,-1.0384026971621552e-11,7.0,71500.0,1e-09,0.5370618451105795,1.0,1.0
338,-1.3953766416131979,-3.0507263382162364e-11,7.0,71700.0,1e-09,0.9325851397204586,1.0,1.0
339,-1.0613709863344418,-7.527009016072839e-10,6.0,92400.0,1e-09,0.426525772058885,1.0,1.0
340,-1.8991851451579684,-5.551115123125783e-17,8.0,78700.0,1e-09,0.8550627757207196,1.0,1.0
341,-5.577600509159493,-1.3336881599101957e-09,38.0,267800.0,1e-09,0.42980430701048356,1.0,1.0
342,-16.58693086904848,-9.589476435145627e-11,15.0,115300.0,1e-09,0.39251974547260504,1.0,1.0
343,-0.8263937640338893,-3.366840140017757e-11,7.0,75600.0,1e-09,0.9766296710244199,1.0,1.0
344,-1.2540732406140787,-4.18554080283684e-14,10.0,87500.0,1e-09,0.7079962706487446,1.0,1.0
345,-0.5763153628804061,1.3677947663381929e-12,5.0,61800.0,1e-09,0.24870146716813546,1.0,1.0
346,-1.8991943323436926,-1.8222734432526977e-10,7.0,72900.0,1e-09,0.025071076682043003,1.0,1.0
347,-0.6399438209478524,-5.551115123125783e-17,7.0,70900.0,1e-09,0.8585267984412501,1.0,1.0
348,-1.3504905245004186,-1.1616262396429988e-09,19.0,135100.0,1e-09,0.5283626750510283,1.0,1.0
349,0.09400990088965344,0.12826587368643438,101.0,679000.0,1e-09,0.8605760078655756,1.0,0.0
350,-1.6522148774151202,-9.43689570931383e-16,8.0,81300.0,1e-09,0.9955304151559495,1.0,1.0
351,-0.22018340050318874,-9.848066806483757e-12,5.0,61800.0,1e-09,0.41746761258196763,1.0,1.0
352,-0.9801704770038967,-1.7763568394002505e-15,7.0,72300.0,1e-09,0.36027831082022244,1.0,1.0
353,-1.1056400713497472,-1.2612133559741778e-13,7.0,78000.0,1e-09,0.25745012853797866,1.0,1.0
354,-2.5364220702856297,-1.2936318682932324e-12,22.0,153400.0,1e-09,0.5480680098344145,1.0,1.0
355,-0.7771536243281904,-1.8990364836213303e-13,8.0,78200.0,1e-09,0.7252979585370882,1.0,1.0
356,-0.8804355930992034,-2.112143793198129e-11,8.0,79300.0,1e-09,0.7909284403121354,1.0,1.0
357,-0.6928950600962931,-2.4663604492047853e-11,7.0,75300.0,1e-09,0.6592061204597309,1.0,1.0
358,-0.9114062969374017,-2.47363241001608e-12,12.0,97900.0,1e-09,0.8719446842828824,1.0,1.0
359,-0.15325170936256693,5.687492143913175e-12,5.0,60600.0,1e-09,0.06299680935088037,1.0,1.0
360,-0.49957623830864195,-2.656208586415687e-14,5.0,60700.0,1e-09,0.08027744329094255,1.0,1.0
361,-0.04318889704510436,2.0816681711721685e-17,7.0,83200.0,1e-09,0.7933010855050454,1.0,1.0
362,-1.367907670398352,-2.082667371894331e-12,8.0,80400.0,1e-09,0.4207172521260605,1.0,1.0
363,-0.514285437482921,-1.709743457922741e-14,6.0,110600.0,1e-09,0.05551963212655342,1.0,1.0
364,-1.0418685494874846,-3.4861002973229915e-13,7.0,71200.0,1e-09,0.19581512792186706,1.0,1.0
365,-0.7095769934844737,-3.2168168129231844e-10,5.0,60600.0,1e-09,0.8650580687486967,1.0,1.0
366,-0.04154691808261748,-2.6027845156928464e-10,5.0,60700.0,1e-09,0.8952090174798134,1.0,1.0
367,-1.060564455062663,-2.106093077713922e-13,7.0,109500.0,1e-09,0.4835817620501959,1.0,1.0
368,-0.04715184277461128,4.648552376362858e-12,6.0,96900.0,1e-09,0.9080043137857385,1.0,1.0
369,-5.2811020895587255,-2.032263246576349e-12,35.0,266600.0,1e-09,0.4198298586731083,1.0,1.0
370,-1.0482772082545853,-7.101541577014814e-12,5.0,64300.0,1e-09,0.21068392924120127,1.0,1.0
371,-0.07794682227260001,3.5318969970887792e-15,4.0,72100.0,1e-09,0.22747508873553135,1.0,1.0
372,-1.1596846897778061,-7.438494264988549e-15,6.0,77800.0,1e-09,0.5217576572900194,1.0,1.0
373,-11.430163450093994,-4.85722573273506e-15,25.0,190000.0,1e-09,0.7454080496972553,1.0,1.0
374,-5.569753186061457,1.2212453270876722e-15,26.0,261100.0,1e-09,0.8976859606912205,1.0,1.0
375,-3.4668854235475544,-9.23955356668671e-13,20.0,208000.0,1e-09,0.1996985908849659,1.0,1.0
376,-0.7765017251434343,-1.1506351427215122e-12,6.0,67200.0,1e-09,0.5825282527813133,1.0,1.0
377,-2.1482844491308146,2.220446049250313e-16,8.0,78000.0,1e-09,0.2837671836559683,1.0,1.0
378,-0.6572675853700802,-1.6997514507011147e-13,7.0,73000.0,1e-09,0.672095403313133,1.0,1.0
379,-4.089545342693777,-2.4980018054066022e-14,7.0,72500.0,1e-09,0.4675743654405059,1.0,1.0
380,-0.47337043765058356,-1.1520229215022937e-12,5.0,61900.0,1e-09,0.2076740910744317,1.0,1.0
381,-2.2640366310963014,-1.8984813721090177e-14,8.0,78100.0,1e-09,0.991744105993347,1.0,1.0
382,-0.702626060411312,-2.193132342398485e-10,7.0,72500.0,1e-09,0.5768703517434419,1.0,1.0
383,-0.7603007693514002,-1.0092718327747718e-11,20.0,166400.0,1e-09,0.19988659681288246,1.0,1.0
384,-1.2897775376087444,-8.104628079763643e-15,8.0,77700.0,1e-09,0.6997136769816492,1.0,1.0
385,-0.9915447656995744,0.0,8.0,76700.0,1e-09,0.4975252941287045,1.0,1.0
386,-0.27421235070433286,0.0,7.0,71400.0,1e-09,0.5175256047603637,1.0,1.0
387,-1.4476893689590413,-9.767286979212031e-11,7.0,81900.0,1e-09,0.6479064746782555,1.0,1.0
388,-0.7493494905275309,0.0,7.0,71500.0,1e-09,0.31575961934260843,1.0,1.0
389,-0.9828376091757149,-2.4980018054066022e-15,8.0,76600.0,1e-09,0.8977372604617967,1.0,1.0
390,-1.1116327669372803,-4.9960036108132044e-15,9.0,82500.0,1e-09,0.8947434408589826,1.0,1.0
391,-0.5206353493162265,-3.3306690738754696e-16,6.0,83200.0,1e-09,0.2893950365215606,1.0,1.0
392,-0.8103545932465898,1.4432899320127035e-15,6.0,66700.0,1e-09,0.4813826940731357,1.0,1.0
393,-0.4669359995118736,-1.0880185641326534e-14,8.0,78400.0,1e-09,0.5275062695661208,1.0,1.0
394,-0.9345335487786142,-3.4266800508220285e-10,10.0,88200.0,1e-09,0.7185194774243976,1.0,1.0
395,-4.267698917468688,-2.0073942508247455e-12,13.0,102700.0,1e-09,0.37185367310648854,1.0,1.0
396,-1.3465792446895248,-1.4170886686315498e-12,16.0,119900.0,1e-09,0.7281931008735881,1.0,1.0
397,-1.6990350942016004,2.220446049250313e-16,15.0,138500.0,1e-09,0.9536195005609653,1.0,1.0
398,-1.301478914527988,-2.2980506386716115e-12,8.0,86500.0,1e-09,0.01807914069040062,1.0,1.0
399,-1.8645269606252917,-9.880984919163893e-15,35.0,224200.0,1e-09,0.971486556967603,1.0,1.0
400,-1.1779701668168936,-1.0880185641326534e-14,9.0,86000.0,1e-09,0.042821777411241935,1.0,1.0
401,-0.14793546493965296,4.996003610813204e-16,7.0,72000.0,1e-09,0.7887665467947904,1.0,1.0
402,-0.6003707965420894,-2.32514119069549e-10,5.0,61300.0,1e-09,0.518232749135743,1.0,1.0
403,-0.5452224426282759,-1.7319479184152442e-14,5.0,61000.0,1e-09,0.1155208591272533,1.0,1.0
404,-0.6231181871822533,-8.326672684688674e-17,11.0,182900.0,1e-09,0.987308200232911,1.0,1.0
405,-0.9935780653195473,-9.423216651427424e-10,8.0,77900.0,1e-09,0.005289361281872851,1.0,1.0
406,-3.8035102736576825,0.0,7.0,71000.0,1e-09,0.9576213322738943,1.0,1.0
407,-3.137493457540114,-1.541200500554396e-11,15.0,134600.0,1e-09,0.10626579234975286,1.0,1.0
408,-0.6848684549786983,-1.6653345369377348e-16,7.0,72500.0,1e-09,0.38884858626331686,1.0,1.0
409,-0.8737383484994196,-3.401068315866951e-11,5.0,60500.0,1e-09,0.31185424731754463,1.0,1.0
410,-1.1662993160869384,-1.111610803405938e-14,29.0,193600.0,1e-09,0.31734950856134625,1.0,1.0
411,-1.260824436190317,-4.603772918443383e-11,6.0,89100.0,1e-09,0.06887408247836313,1.0,1.0
412,-1.7857187905976761,-5.551115123125783e-16,7.0,72600.0,1e-09,0.10534460439648152,1.0,1.0
413,-1.097461703916208,-1.6253665080512292e-13,8.0,77100.0,1e-09,0.959337077230599,1.0,1.0
414,-0.5177305913381112,-1.2528866832894892e-13,6.0,66700.0,1e-09,0.6736915667990142,1.0,1.0
415,-0.27990097464358793,-1.0774187098050447e-11,4.0,55000.0,1e-09,0.19225566851882614,1.0,1.0
416,-2.0205080122634387,-2.6900703886667543e-13,12.0,102800.0,1e-09,0.6161846161236243,1.0,1.0
417,-0.609515499546858,0.0,7.0,71800.0,1e-09,0.8226967135192906,1.0,1.0
418,-0.1457464238441417,5.6565863104651726e-14,6.0,67000.0,1e-09,0.4686921040921298,1.0,1.0
419,-0.6195860068171304,-1.0065152045157788e-09,6.0,65900.0,1e-09,0.4431617628383824,1.0,1.0
420,-1.22390044570649,-3.3306690738754696e-16,9.0,82700.0,1e-09,0.7831309641439844,1.0,1.0
421,-0.7164126617548117,1.1102230246251565e-16,7.0,74800.0,1e-09,0.5356467748169604,1.0,1.0
422,-1.6390236060672916,-9.2148511043888e-15,12.0,168400.0,1e-09,0.6109929738002781,1.0,1.0
423,-0.2442949611219447,-3.1003810629925965e-12,4.0,56800.0,1e-09,0.16731560641419474,1.0,1.0
424,-12.38075432306293,-2.1047052989331405e-11,48.0,310900.0,1e-09,0.1428706259089878,1.0,1.0
425,-1.0147487480015456,-9.051281946170775e-11,8.0,78500.0,1e-09,0.49198253154363547,1.0,1.0
426,-0.5666194016451473,0.0,7.0,72400.0,1e-09,0.9927677325112745,1.0,1.0
427,-0.9133469468084539,-2.3936408410918375e-13,6.0,66100.0,1e-09,0.5734788948091858,1.0,1.0
428,-1.869255388260793,-9.60503898639331e-12,20.0,142500.0,1e-09,0.7848544662212737,1.0,1.0
429,-0.783281966909122,-1.2956302697375577e-13,7.0,72500.0,1e-09,0.19427072138420376,1.0,1.0
430,-0.5647680043203845,-3.83026943495679e-15,6.0,66400.0,1e-09,0.7585959790387102,1.0,1.0
431,-2.976007540083826,-2.4424906541753444e-15,6.0,65700.0,1e-09,0.875329738987514,1.0,1.0
432,-0.966884812900045,-1.7126744467077515e-11,7.0,72300.0,1e-09,0.3310038681365969,1.0,1.0
433,-0.2903683971741519,-5.551115123125783e-16,6.0,84200.0,1e-09,0.1862297518860745,1.0,1.0
434,-0.21357238580527563,-5.828670879282072e-16,6.0,67000.0,1e-09,0.603485647445495,1.0,1.0
435,-1.1286728419774523,0.0,14.0,109300.0,1e-09,0.7366458858918783,1.0,1.0
436,-14.456029833514513,-1.0536016503692736e-13,16.0,124300.0,1e-09,0.2138928675376326,1.0,1.0
437,-1.9422014004504398,-1.4432899320127035e-15,15.0,116600.0,1e-09,0.7429673023622262,1.0,1.0
438,-1.4035345421643568,-9.992007221626409e-16,8.0,84000.0,1e-09,0.6856602937309677,1.0,1.0
439,-1.4332558068470445,-5.703548744406817e-12,7.0,73300.0,1e-09,0.7286046164057055,1.0,1.0
440,-3.089629826154103,-6.661338147750939e-16,8.0,78400.0,1e-09,0.17418634629876095,1.0,1.0
441,-1.9955271670468313,-5.728020280315604e-10,7.0,72300.0,1e-09,0.33776920436123936,1.0,1.0
442,-0.6617422771837874,-1.3771761508962754e-12,6.0,66200.0,1e-09,0.9989473480066186,1.0,1.0
443,-1.5518033880205095,-1.1509653230490358e-09,7.0,72200.0,1e-09,0.06348101683687146,1.0,1.0
444,-0.2614450394939914,-2.6162405575291814e-12,5.0,61200.0,1e-09,0.5641391106009855,1.0,1.0
445,-1.0970007435301194,-1.9845236565174673e-15,19.0,134600.0,1e-09,0.6750203812593605,1.0,1.0
446,-0.5590257134202392,-2.0017321133991572e-13,6.0,66000.0,1e-09,0.8059538254210216,1.0,1.0
447,-0.7850695241455142,-1.1102230246251565e-16,8.0,98300.0,1e-09,0.10591096601322225,1.0,1.0
448,-0.8574964701394368,-3.7259084706420253e-13,8.0,77700.0,1e-09,0.8264012602804353,1.0,1.0
449,-0.21700919498788496,6.147859998861804e-15,8.0,76900.0,1e-09,0.9792434584984208,1.0,1.0
450,-1.088039795669838,-2.0317081350640365e-13,6.0,65900.0,1e-09,0.7412341447614945,1.0,1.0
451,-0.942479115919819,-9.603429163007604e-15,8.0,77100.0,1e-09,0.00534069166974005,1.0,1.0
452,-0.7990642298598029,-4.440892098500626e-16,6.0,79200.0,1e-09,0.03883733902644104,1.0,1.0
453,-0.1525392186749971,1.8637869025894815e-14,7.0,72200.0,1e-09,0.6331348571080488,1.0,1.0
454,-2.213130518182674,-7.969203075219866e-11,7.0,71700.0,1e-09,0.9184113911421309,1.0,1.0
455,-5.237096971645307,-3.2324143361961433e-12,32.0,204400.0,1e-09,0.8631147403805395,1.0,1.0
456,-0.6189355977052845,-1.848621256073102e-11,7.0,75000.0,1e-09,0.2729058122735072,1.0,1.0
457,-1.1539837840694345,-3.3018032752352156e-12,9.0,96400.0,1e-09,0.9572606033890321,1.0,1.0
458,-1.709792802145895,-2.51687559682523e-13,13.0,105600.0,1e-09,0.9368852990645508,1.0,1.0
459,-1.1631432449830643,-2.6751301174243736e-10,7.0,71000.0,1e-09,0.8647770902456768,1.0,1.0
460,-1.2379134756448609,-1.942890293094024e-16,36.0,251800.0,1e-09,0.8922662070853186,1.0,1.0
461,-0.7416660550252482,0.0,7.0,72300.0,1e-09,0.5793320600392152,1.0,1.0
462,-1.1417492522340897,-7.255307465925398e-13,8.0,77600.0,1e-09,0.8762181774938473,1.0,1.0
463,-0.8098418854209883,-7.720137862321508e-10,5.0,60800.0,1e-09,0.1919820327956594,1.0,1.0
464,-1.377143743601571,-1.3322676295501878e-15,6.0,66300.0,1e-09,0.3222821782561568,1.0,1.0
465,-2.732178828953067,-8.942846463355636e-14,58.0,345200.0,1e-09,0.11770914534870036,1.0,1.0
466,-1.5067536410155864,-8.784922789217831e-10,7.0,77600.0,1e-09,0.7538251040338443,1.0,1.0
467,-0.1810646176870365,1.1839501601329516e-11,5.0,61500.0,1e-09,0.32119964896803554,1.0,1.0
468,-2.1230080780905394,-2.5364155220586326e-12,12.0,99500.0,1e-09,0.1456756000192504,1.0,1.0
469,-1.0937956851456636,-1.1607437233607243e-11,9.0,82900.0,1e-09,0.46444540242887844,1.0,1.0
470,-0.8966238991363218,-1.5559231680839503e-10,6.0,70900.0,1e-09,0.640472428854704,1.0,1.0
471,-1.4906532922258349,-2.704039561707283e-10,18.0,132400.0,1e-09,0.16465607267344262,1.0,1.0
472,-11.072989412323539,-7.66053886991358e-14,73.0,450300.0,1e-09,0.25702892922177445,1.0,1.0
473,-3.5237115263928684,-2.2166684043867235e-09,16.0,140700.0,1e-09,0.029401245938834752,1.0,1.0
474,-1.8317247288181406,-6.788380968458796e-11,23.0,160400.0,1e-09,0.4972607991475164,1.0,1.0
475,-1.4311437208215245,-4.792188867952518e-11,7.0,72400.0,1e-09,0.38094784428686645,1.0,1.0
476,-18.973299374429136,-8.66495764029196e-12,36.0,233600.0,1e-09,0.08640331705898108,1.0,1.0
477,-1.5847722929758683,0.0,8.0,78100.0,1e-09,0.15579012508578105,1.0,1.0
478,-0.21212250070803057,2.288447209508604e-14,6.0,70000.0,1e-09,0.28712608279087815,1.0,1.0
479,-0.2605032149728715,-7.13318293321663e-15,5.0,61400.0,1e-09,0.3631406430732055,1.0,1.0
480,-0.9293731718115366,-6.772360450213455e-15,7.0,71500.0,1e-09,0.47904694149580695,1.0,1.0
481,-0.6162136961812755,-5.290434756943796e-12,7.0,71800.0,1e-09,0.4599069138148648,1.0,1.0
482,-2.7646146762641255,-8.24706969382305e-12,9.0,83700.0,1e-09,0.41656562827245736,1.0,1.0
483,-0.1281799051764427,1.3877787807814457e-17,6.0,71100.0,1e-09,0.11896856147105261,1.0,1.0
484,-1.0104779562927244,-2.4424906541753444e-15,8.0,78000.0,1e-09,0.09496724275714885,1.0,1.0
485,-1.3141146668529655,-9.722667115852346e-12,10.0,88600.0,1e-09,0.3706751238724979,1.0,1.0
486,-2.044167921083107,-2.220446049250313e-16,8.0,77500.0,1e-09,0.3660638140786604,1.0,1.0
487,-1.1709611988096917,-1.1427525592466736e-12,8.0,98600.0,1e-09,0.9185834008128122,1.0,1.0
488,-1.3898704437156357,-2.6711965972481266e-13,8.0,77700.0,1e-09,0.27086553764487475,1.0,1.0
489,-1.7833877552334643,-9.43689570931383e-15,8.0,77600.0,1e-09,0.1996770392501569,1.0,1.0
490,-8.33887844468971,-1.2212453270876722e-15,37.0,263400.0,1e-09,0.6102796503720157,1.0,1.0
491,-2.1206847637724406,-1.554260831149179e-09,11.0,94300.0,1e-09,0.7494504461540181,1.0,1.0
492,-0.9570052633706662,-6.317169010117141e-14,15.0,114500.0,1e-09,0.6276547275669966,1.0,1.0
493,-0.02791119691874349,8.777700788442644e-16,5.0,61300.0,1e-09,0.2908069677262911,1.0,1.0
494,-1.8393752718898055,-3.332667475319795e-11,7.0,75400.0,1e-09,0.7957381457418864,1.0,1.0
495,-1.0428992183876828,-1.0103029524088925e-14,8.0,148600.0,1e-09,0.7179362694777396,1.0,1.0
496,-0.9632271122349241,-1.1102230246251565e-16,6.0,66000.0,1e-09,0.5084983564829902,1.0,1.0
497,-0.49090621622928277,3.9929243245140356e-10,5.0,59800.0,1e-09,0.7468333441453239,1.0,1.0
498,-1.4310377004650716,-1.5067946890212625e-12,10.0,106700.0,1e-09,0.943154614865171,1.0,1.0
499,-1.1393317964577172,-7.928102618848243e-13,10.0,88300.0,1e-09,0.2573826096322417,1.0,1.0
500,-0.94019088256769,-2.7759294862761408e-11,28.0,183600.0,1e-09,0.6933778838398119,1.0,1.0
501,-0.5084235748726933,-2.2427615320452787e-12,6.0,65100.0,1e-09,0.48853493635119183,1.0,1.0
502,-0.9785601550278626,-1.2781997682509427e-12,6.0,85000.0,1e-09,0.49789968776308036,1.0,1.0
503,-0.8104777953663697,-1.3563483669543075e-11,7.0,73000.0,1e-09,0.11283299686470405,1.0,1.0
504,-0.3786539181785981,0.11151245946047868,101.0,569500.0,1e-09,0.16884653572478436,1.0,0.0
505,-0.9073862144600676,0.0,9.0,83400.0,1e-09,0.13087616376337685,1.0,1.0
506,-0.1959232197590881,-1.3877787807814457e-17,5.0,60700.0,1e-09,0.058001032420473275,1.0,1.0
507,-1.3866653345405462,-4.951594689828198e-14,7.0,72700.0,1e-09,0.10226250541641513,1.0,1.0
508,-0.5687684366626036,-8.215317315318771e-12,5.0,61000.0,1e-09,0.22475448528491349,1.0,1.0
509,-1.0896008253185083,-1.0658141036401503e-14,9.0,103800.0,1e-09,0.9400901828548468,1.0,1.0
510,-3.728169320411582,-4.440892098500626e-15,14.0,109500.0,1e-09,0.14751862829721374,1.0,1.0
511,-0.7050676960864076,-5.449737883189698e-13,15.0,115000.0,1e-09,0.7290276123792162,1.0,1.0
512,-0.025831951384217164,1.3108091001523547e-13,7.0,82000.0,1e-09,0.8205428825373411,1.0,1.0
513,-1.235683959481202,-4.884981308350689e-15,10.0,89700.0,1e-09,0.02671975823062156,1.0,1.0
514,-0.8917562285278204,-1.8139933999350433e-12,9.0,82900.0,1e-09,0.9005055084524465,1.0,1.0
515,-1.6366622464266354,0.0,22.0,154800.0,1e-09,0.8812592625211917,1.0,1.0
516,-0.9696323601042234,-7.332195961495813e-11,9.0,86000.0,1e-09,0.6603262791747506,1.0,1.0
517,-2.2858387003819645,1.1102230246251565e-16,14.0,109100.0,1e-09,0.7307710062219054,1.0,1.0
518,-1.6594551498388586,5.551115123125783e-17,20.0,163600.0,1e-09,0.4470355716045973,1.0,1.0
519,-0.6423590453014651,-5.38813438311081e-12,5.0,61900.0,1e-09,0.23673910283341237,1.0,1.0
520,-0.12108594971194615,2.5732194153249566e-13,5.0,61500.0,1e-09,0.3573243924485815,1.0,1.0
521,-1.2273275391539347,-1.5516937734716407e-10,8.0,77500.0,1e-09,0.21162970353008514,1.0,1.0
522,-1.1677759954059388,-9.103828801926284e-15,8.0,77300.0,1e-09,0.12370041297549739,1.0,1.0
523,-1.7677146595104485,-6.8833827526759706e-15,10.0,160200.0,1e-09,0.39861882440312413,1.0,1.0
524,-2.03085990533234,-3.643196855307451e-13,24.0,287500.0,1e-09,0.640633852434048,1.0,1.0
525,-1.6432322179168974,-1.197776322570121e-10,7.0,110900.0,1e-09,0.18246950410058593,1.0,1.0
526,-0.7675172111543825,-4.059497182851146e-11,9.0,84100.0,1e-09,0.6797222818177846,1.0,1.0
527,-0.030210082820169796,4.748972048940203e-12,5.0,61700.0,1e-09,0.29407479704867623,1.0,1.0
528,-0.43746692195629067,-7.130280810230261e-10,6.0,66700.0,1e-09,0.5993432737257564,1.0,1.0
529,-3.6240180793173153,-4.440892098500626e-16,15.0,143900.0,1e-09,0.2006085425233216,1.0,1.0
530,-0.3971965035679757,0.0,6.0,67500.0,1e-09,0.32869029254518467,1.0,1.0
531,-0.3139263775065416,-3.505529200253932e-14,6.0,66400.0,1e-09,0.5599231611120453,1.0,1.0
532,-1.160154615271106,-3.028688411177427e-13,7.0,71500.0,1e-09,0.11906333694355542,1.0,1.0
533,-1.1030433090317864,-1.5053169821754864e-10,7.0,71800.0,1e-09,0.5342334875381871,1.0,1.0
534,-0.3217382180692524,-9.471089190693505e-11,6.0,74200.0,1e-09,0.27394221775301664,1.0,1.0
535,-2.1690291550604086,-1.5386580898280044e-12,7.0,72200.0,1e-09,0.09116297482996039,1.0,1.0
536,-0.9875054874919006,-2.930988785010413e-14,6.0,65700.0,1e-09,0.19016504634249332,1.0,1.0
537,-0.20072040416194936,1.3877787807814457e-17,6.0,65700.0,1e-09,0.6404872450754346,1.0,1.0
538,-0.5192354772756639,1.5737133818305438e-12,7.0,71400.0,1e-09,0.17374677741707645,1.0,1.0
539,-1.5368248229974601,-3.639311074721263e-10,6.0,69400.0,1e-09,0.31908104086244293,1.0,1.0
540,-0.3148593489120139,-1.4876500031846263e-10,5.0,60500.0,1e-09,0.5254799741176621,1.0,1.0
541,-0.8350651180417151,0.0,6.0,66800.0,1e-09,0.6404486291688221,1.0,1.0
542,-0.07374254075190008,2.9734939510639435e-10,5.0,60400.0,1e-09,0.7540978572713626,1.0,1.0
543,-0.948318111100621,-1.6417911474775337e-10,7.0,72400.0,1e-09,0.07568781340082231,1.0,1.0
544,-1.9086868368917445,-5.5844218138645374e-14,39.0,247600.0,1e-09,0.2005082447534059,1.0,1.0
545,-0.2392136334054228,1.2356504708321836e-12,5.0,61400.0,1e-09,0.19214421678066163,1.0,1.0
546,-0.5496599933530043,-3.708588991457873e-12,6.0,66900.0,1e-09,0.2829462243708323,1.0,1.0
547,-0.5510984765366198,-1.908162516883749e-11,5.0,84000.0,1e-09,0.7020872093386691,1.0,1.0
548,-1.1026204986353583,-8.992806499463768e-14,7.0,72100.0,1e-09,0.7231004085618642,1.0,1.0
549,-0.8605741670134706,-6.114592165928912e-10,8.0,84700.0,1e-09,0.9611780210220591,1.0,1.0
550,-1.7605088752983395,-1.1657341758564144e-14,9.0,82200.0,1e-09,0.48894895396526605,1.0,1.0
551,-1.0566887333913901,-3.885780586188048e-15,7.0,71100.0,1e-09,0.5098041078962479,1.0,1.0
552,-10.455332882512314,-3.985697105690633e-09,27.0,181900.0,1e-09,0.15012462005740468,1.0,1.0
553,-0.9848033549468529,-1.5232259897857148e-13,11.0,95200.0,1e-09,0.10495312050722472,1.0,1.0
554,-30.43813237075847,-2.831068712794149e-15,39.0,257200.0,1e-09,0.07429896455883167,1.0,1.0
555,-0.7587617986412647,-5.455758067540728e-10,9.0,86100.0,1e-09,0.06525762184294404,1.0,1.0
556,-2.316286978082116,-2.220446049250313e-16,13.0,115900.0,1e-09,0.4279114783234026,1.0,1.0
557,-0.5886847282291876,-2.2379498254565533e-10,6.0,66400.0,1e-09,0.6964640989895831,1.0,1.0
558,-0.7924905696675743,-7.487184761068022e-10,6.0,66700.0,1e-09,0.14489455782077,1.0,1.0
559,-0.5882766177576857,-1.5747958492795533e-11,6.0,65400.0,1e-09,0.9451485226918748,1.0,1.0
560,-1.2582173005484663,0.0,7.0,88900.0,1e-09,0.7702484806626543,1.0,1.0
561,-0.2245744055314451,-3.608224830031759e-16,6.0,65900.0,1e-09,0.6350968430648908,1.0,1.0
562,-0.8821446688934088,-3.7849223755159755e-11,7.0,71900.0,1e-09,0.6118525783909758,1.0,1.0
563,-1.1888517911457042,-4.375610984652667e-12,6.0,65400.0,1e-09,0.7276454890087032,1.0,1.0
564,-0.941782399522954,-2.241540286718191e-13,8.0,76000.0,1e-09,0.2069430135567597,1.0,1.0
565,-1.2122495859747622,-2.083888617221419e-12,8.0,98400.0,1e-09,0.7520979881154598,1.0,1.0
566,-1.3811110148072598,-2.4395263586995952e-11,6.0,66700.0,1e-09,0.00029173830065198914,1.0,1.0
567,-0.9714519276839678,-3.47499806707674e-14,7.0,72000.0,1e-09,0.43533670150675463,1.0,1.0
568,-18.059501426956775,-1.9372281556684356e-12,7.0,73100.0,1e-09,0.19245332276283356,1.0,1.0
569,-0.8433528884333522,-2.1338343592081088e-10,12.0,101300.0,1e-09,0.7783653899012525,1.0,1.0
570,-0.16119351812929106,3.192895947634611e-11,5.0,61100.0,1e-09,0.06148871134797795,1.0,1.0
571,-1.3655289300302593,-2.893824069261086e-10,7.0,71600.0,1e-09,0.9808778833842456,1.0,1.0
572,-1.1612638067158718,-1.6509016376176078e-13,10.0,107900.0,1e-09,0.9836964936896596,1.0,1.0
573,-1.4447893764830595,3.3306690738754696e-16,10.0,88200.0,1e-09,0.7172515402332581,1.0,1.0
574,-0.48856821892796176,-1.57364288266848e-10,6.0,66500.0,1e-09,0.3722902784786899,1.0,1.0
575,-1.2358541980504645,-9.063860773039778e-13,6.0,66600.0,1e-09,0.09571886507655825,1.0,1.0
576,-0.20307784600241177,-2.682007532728292e-10,4.0,55300.0,1e-09,0.08259228997717616,1.0,1.0
577,-1.4158348611243743,-5.995204332975845e-14,6.0,82400.0,1e-09,0.20525968806044181,1.0,1.0
578,-0.9472534945728767,-5.551115123125783e-17,10.0,87600.0,1e-09,0.7960997245161282,1.0,1.0
579,-1.3447346157192772,-1.0674516826014724e-10,7.0,71600.0,1e-09,0.9795523124114239,1.0,1.0
580,-5.612260675067835,-9.231504449758177e-14,77.0,569900.0,1e-09,0.7191285522773241,1.0,1.0
581,-1.921789631059424,-1.1102230246251565e-16,8.0,80100.0,1e-09,0.10058063077185575,1.0,1.0
582,-1.4515760230442303,-1.1102230246251565e-16,18.0,135500.0,1e-09,0.6600884644357865,1.0,1.0
583,-0.7337291050547515,-7.23199278240827e-13,7.0,72000.0,1e-09,0.9185645439387922,1.0,1.0
584,-0.0703939910710373,2.0972230896365573e-11,7.0,71200.0,1e-09,0.9855553042787543,1.0,1.0
585,-1.0991048073059135,-1.588285059028749e-12,6.0,65800.0,1e-09,0.029501590468890337,1.0,1.0
586,-4.5672246116429385,-9.728495786731628e-12,10.0,88900.0,1e-09,0.23119531534872861,1.0,1.0
587,-0.5652657850730212,-1.2666279136652747e-10,7.0,71700.0,1e-09,0.8692315139506083,1.0,1.0
588,-0.12964409700838236,8.326672684688674e-16,7.0,71100.0,1e-09,0.759472192918755,1.0,1.0
589,-0.7595048028669933,-3.3306690738754696e-16,6.0,65900.0,1e-09,0.8796254895187825,1.0,1.0
590,-0.5030088707890141,-1.513789094076401e-12,6.0,65600.0,1e-09,0.3643648264964676,1.0,1.0
591,-1.0708761911616471,-2.853295377747145e-10,8.0,93000.0,1e-09,0.02894689877927814,1.0,1.0
592,-0.8986667080984097,0.0,11.0,93200.0,1e-09,0.4689095239844183,1.0,1.0
593,-1.0843442346052932,-2.4285018440650674e-11,6.0,65800.0,1e-09,0.7265018495513281,1.0,1.0
594,0.016673499872832842,0.08390196869272687,101.0,569900.0,1e-09,0.5021044990202944,1.0,0.0
595,-0.9164429774096533,-2.611100224925167e-11,5.0,60900.0,1e-09,0.20983703099138218,1.0,1.0
596,-3.7304467857273074,0.0,28.0,183500.0,1e-09,0.09119054662878279,1.0,1.0
597,-0.7248418134719273,-4.529931985075564e-12,5.0,59900.0,1e-09,0.15363510459291185,1.0,1.0
598,-0.12658878974649687,8.326672684688674e-16,6.0,65600.0,1e-09,0.7656060227652832,1.0,1.0
599,-0.747762210112563,-7.87309439864714e-10,6.0,65600.0,1e-09,0.0005387411183681579,1.0,1.0
600,-1.079332867180758,-2.3826607353782947e-11,8.0,76200.0,1e-09,0.6398002711947245,1.0,1.0
601,-2.470323083135649,-2.7755575615628914e-16,12.0,100000.0,1e-09,0.1216285645114078,1.0,1.0
602,-0.014240861254270506,1.0361680263804018e-11,5.0,60200.0,1e-09,0.1712029169324707,1.0,1.0
603,-1.6116047948895327,-2.3720025943418932e-11,23.0,158700.0,1e-09,0.4849283504890224,1.0,1.0
604,-1.7167918640161322,-2.5408564141571333e-12,7.0,70500.0,1e-09,0.9318763870798981,1.0,1.0
605,-1.3970869386921096,-9.547918011776346e-15,9.0,82600.0,1e-09,0.8949458969304485,1.0,1.0
606,-0.5104428428437743,-2.159894485487257e-11,6.0,65500.0,1e-09,0.9223817700256178,1.0,1.0
607,-0.012061600576902832,1.1980546762990762e-10,6.0,65200.0,1e-09,0.9047369106016916,1.0,1.0
608,-2.4190618253996736,-3.552713678800501e-15,14.0,109700.0,1e-09,0.8856661611524224,1.0,1.0
609,-1.1708790654382624,-7.306710791965543e-12,9.0,82200.0,1e-09,0.7025003266907089,1.0,1.0
610,-0.38251163772814906,-2.7755575615628914e-17,6.0,66500.0,1e-09,0.9122439051971721,1.0,1.0
611,-4.182650251604852,1.1102230246251565e-16,39.0,245000.0,1e-09,0.8125461610331889,1.0,1.0
612,-1.2003230091575186,-1.162403506782539e-13,8.0,76400.0,1e-09,0.6494320304041993,1.0,1.0
613,-0.6916398343548844,-1.1102230246251565e-16,6.0,66200.0,1e-09,0.2575401686471659,1.0,1.0
614,-1.2292716386774525,-8.099299009245442e-12,8.0,76700.0,1e-09,0.45468097684092434,1.0,1.0
615,-0.9113935115441133,-1.1102230246251565e-16,6.0,66700.0,1e-09,0.4949268057201618,1.0,1.0
616,-1.0516532948884607,-5.551115123125783e-16,14.0,109100.0,1e-09,0.8245889438290487,1.0,1.0
617,-6.071581031893254,-1.2989609388114332e-14,10.0,87800.0,1e-09,0.44539454761380226,1.0,1.0
618,-0.6083609831235521,1.6653345369377348e-16,7.0,70900.0,1e-09,0.532730643526598,1.0,1.0
619,-9.37789192258225,-4.745605020062271e-10,47.0,284600.0,1e-09,0.27243816772322016,1.0,1.0
620,-1.2589073882074227,-1.559792295324769e-10,10.0,113400.0,1e-09,0.6910912993773591,1.0,1.0
621,-0.9173887907885987,-3.3306690738754696e-16,6.0,67200.0,1e-09,0.10280217947388681,1.0,1.0
622,-0.6461494006534995,-4.6629367034256575e-15,7.0,71800.0,1e-09,0.7948049876261702,1.0,1.0
623,-39.546532495857925,-273.651651592732,101.0,597600.0,1e-09,0.28760963620259783,1.0,0.0
624,-0.7623133817960409,-2.846087254759766e-10,7.0,72300.0,1e-09,0.1838309260373152,1.0,1.0
625,-0.31874406674662636,-1.986202868842213e-11,7.0,71800.0,1e-09,0.9133630787995944,1.0,1.0
626,-0.28280526401810036,1.3235579299220035e-10,5.0,61100.0,1e-09,0.16480452695764625,1.0,1.0
627,-0.9518571010255841,-1.6835977056928186e-12,6.0,64800.0,1e-09,0.2494547055164773,1.0,1.0
628,-0.7606625583600544,-2.1649348980190553e-15,12.0,98200.0,1e-09,0.12754783401352232,1.0,1.0
629,-0.08016915961329311,0.0,6.0,65100.0,1e-09,0.4384775424704228,1.0,1.0
630,-0.5695211669902946,6.189682100199434e-11,6.0,66300.0,1e-09,0.498615161535387,1.0,1.0
631,-0.5977200110152138,-4.163336342344337e-17,9.0,81700.0,1e-09,0.3533119188836441,1.0,1.0
632,-0.3612577911027746,1.3877787807814457e-17,8.0,77800.0,1e-09,0.5787505942255666,1.0,1.0
633,-0.7251623062979058,1.1102230246251565e-16,7.0,70500.0,1e-09,0.8082124977273801,1.0,1.0
634,-0.6604429572894824,-3.3306690738754696e-15,5.0,61100.0,1e-09,0.2659987755909129,1.0,1.0
635,-0.7322122548577847,0.0,6.0,66000.0,1e-09,0.18460669705719612,1.0,1.0
636,-1.3853945663834437,-6.106226635438361e-16,22.0,154700.0,1e-09,0.06253345571427849,1.0,1.0
637,-4.185263551196032,-5.551115123125783e-16,48.0,297300.0,1e-09,0.41688122048151044,1.0,1.0
638,-3.650103223096315,-4.273810194632688e-10,11.0,91300.0,1e-09,0.22193485414495273,1.0,1.0
639,-1.2145086673179804,-1.5268342146157465e-12,36.0,394800.0,1e-09,0.6417213955007902,1.0,1.0
640,-0.5342884298085243,-4.297007194509206e-12,7.0,89000.0,1e-09,0.30400913422658504,1.0,1.0
641,-1.3511232594840474,-1.567634910770721e-13,7.0,75900.0,1e-09,0.08909317570663067,1.0,1.0
642,-0.3774211163181975,0.0,6.0,66800.0,1e-09,0.7852203415944005,1.0,1.0
643,-7.798896855498057,-1.4181766871956825e-11,15.0,118600.0,1e-09,0.09988925917414548,1.0,1.0
644,-0.23233093498113166,0.011172901658677046,101.0,612400.0,1e-09,0.4511099938296418,1.0,0.0
645,-7.9844440516937905,-3.2445719444496035e-09,8.0,77400.0,1e-09,0.19450898369199054,1.0,1.0
646,-0.791244616673618,-2.8025692877520214e-11,6.0,65900.0,1e-09,0.4427544337545173,1.0,1.0
647,-0.5088674130645424,-5.551115123125783e-17,7.0,71900.0,1e-09,0.8854426726511203,1.0,1.0
648,-1.8996444506436438,-3.4416913763379853e-15,44.0,270000.0,1e-09,0.793946839903543,1.0,1.0
649,-13.715281019167096,-6.994405055138486e-15,66.0,389800.0,1e-09,0.568426697179304,1.0,1.0
650,-1.0447721433767565,-7.216449660063518e-16,9.0,82600.0,1e-09,0.0468469769876011,1.0,1.0
651,-1.0459761070262141,-6.661338147750939e-16,6.0,65800.0,1e-09,0.5677447786143685,1.0,1.0
652,-1.1800028142947487,-2.219335826225688e-12,8.0,77400.0,1e-09,0.05335781008751861,1.0,1.0
653,-1.494900046821961,-2.3120394487818885e-12,9.0,83300.0,1e-09,0.8255514681318127,1.0,1.0
654,-0.8012106104474458,-3.83026943495679e-15,9.0,82300.0,1e-09,0.5003268772416326,1.0,1.0
655,-0.41121649024316326,1.6653345369377348e-16,7.0,71400.0,1e-09,0.9609379503804358,1.0,1.0
656,-1.0127746899872534,-6.32297547653593e-11,9.0,81500.0,1e-09,0.6675362034509726,1.0,1.0
657,-1.2678895012256866,-3.5754732508053166e-13,7.0,71100.0,1e-09,0.43788787600268253,1.0,1.0
658,-1.314661032680446,-4.1672887363120026e-10,7.0,71400.0,1e-09,0.317935319629855,1.0,1.0
659,-11.232174976267007,-8.204548151979907e-14,18.0,131300.0,1e-09,0.0269903458516374,1.0,1.0
660,-0.9172925887508921,-1.787459069646502e-14,7.0,71400.0,1e-09,0.8626252615172615,1.0,1.0
661,-0.8915634626142523,-1.1463607840767054e-12,8.0,77200.0,1e-09,0.7004351675210633,1.0,1.0
662,-1.975133133356496,1.1102230246251565e-16,7.0,71800.0,1e-09,0.11516787975117371,1.0,1.0
663,-0.7127638995147206,-3.296846129430264e-10,6.0,66400.0,1e-09,0.423200284355726,1.0,1.0
664,-2.3515761594641256,-3.774758283725532e-15,18.0,131800.0,1e-09,0.9597585790861911,1.0,1.0
665,-1.6497416903988156,-1.5113399420840778e-10,12.0,98800.0,1e-09,0.30187242941586,1.0,1.0
666,-6.066943221611559,-8.024455544486386e-10,14.0,110600.0,1e-09,0.23501431664906625,1.0,1.0
667,-1.3567204773657284,-1.5731860258938468e-13,7.0,74700.0,1e-09,0.11361670575552518,1.0,1.0
668,-0.027029935018562084,6.301261595842433e-13,5.0,60400.0,1e-09,0.20505980826492332,1.0,1.0
669,-1.1208155565955975,-9.322875804684827e-12,8.0,76300.0,1e-09,0.15100318307614846,1.0,1.0
670,-0.8472380206501442,-4.2743586448068527e-14,6.0,65200.0,1e-09,0.23951306519703197,1.0,1.0
671,-0.743971468599435,-9.992007221626409e-16,6.0,65900.0,1e-09,0.12205252498259889,1.0,1.0
672,-18.668588355526452,-3.397282455352979e-14,8.0,76500.0,1e-09,0.9653480882581484,1.0,1.0
673,-1.2230535967353784,-6.556477583075093e-10,8.0,101400.0,1e-09,0.8190806695582178,1.0,1.0
674,-1.224920431006288,-5.551115123125783e-16,10.0,88400.0,1e-09,0.293384253145641,1.0,1.0
675,-4.562609075675506,2.220446049250313e-16,16.0,120300.0,1e-09,0.5317492327203208,1.0,1.0
676,-0.005125577766714834,1.641028567374303e-11,5.0,60800.0,1e-09,0.1526531863301357,1.0,1.0
677,-1.444973773577652,-4.956035581926699e-13,18.0,132900.0,1e-09,0.4010175426241587,1.0,1.0
678,-0.2509171482909637,2.290292400175531e-10,5.0,61200.0,1e-09,0.37169692048775727,1.0,1.0
679,-5.74480323844306,-8.677569773851701e-10,7.0,71600.0,1e-09,0.28439033732127783,1.0,1.0
680,-1.2713360537999756,-1.7763568394002505e-15,10.0,88100.0,1e-09,0.41352189155049224,1.0,1.0
681,-5.117543236212215,-4.465191549840597e-10,27.0,178400.0,1e-09,0.8219004568473478,1.0,1.0
682,-0.972466488714763,-7.227551890309769e-14,5.0,60700.0,1e-09,0.009719862590616302,1.0,1.0
683,-3.4236288936682544,-5.861977570020827e-14,26.0,174300.0,1e-09,0.7802078768194052,1.0,1.0
684,-1.0565235471102683,-7.129297152630443e-12,5.0,60800.0,1e-09,0.21794540756217873,1.0,1.0
685,-1.0093269313864932,-1.0547118733938987e-14,9.0,120300.0,1e-09,0.43619709305373966,1.0,1.0
686,-1.472328614321102,-1.902930590880203e-11,10.0,88200.0,1e-09,0.17519114327607033,1.0,1.0
687,-3.4085386763608936,-7.591598460976456e-10,13.0,104400.0,1e-09,0.40509257540281585,1.0,1.0
688,-0.9414078927493448,-7.885081476644018e-13,7.0,71700.0,1e-09,0.3014539420211718,1.0,1.0
689,-1.6668938487945655,-4.314104629088433e-12,13.0,106000.0,1e-09,0.79480836175009,1.0,1.0
690,-0.7770764205686341,-3.83026943495679e-15,9.0,102100.0,1e-09,0.5324084858595136,1.0,1.0
691,-16.526445881067605,-7.360778653264788e-14,56.0,342600.0,1e-09,0.35883165214294244,1.0,1.0
692,-0.7656782860142208,-2.5520696667058473e-12,7.0,72200.0,1e-09,0.30554122782968707,1.0,1.0
693,-1.4465382410324326,-1.6037049466177677e-09,10.0,97500.0,1e-09,0.9761381517491589,1.0,1.0
694,-0.8166109758327496,-2.8935187579293142e-15,8.0,77600.0,1e-09,0.1900456499971167,1.0,1.0
695,-1.3514824602082103,-3.3739677718358507e-13,9.0,82500.0,1e-09,0.2861797561509616,1.0,1.0
696,-0.945782034122784,-2.3936408410918375e-13,9.0,83500.0,1e-09,0.7383153847123939,1.0,1.0
697,-1.4616374525722673,-2.220446049250313e-16,10.0,88000.0,1e-09,0.49995343752372545,1.0,1.0
698,-1.0376659981330525,-3.7343250713917087e-10,6.0,66300.0,1e-09,0.3515990107534769,1.0,1.0
699,-0.9230102381797557,-1.8915424782051105e-13,8.0,76500.0,1e-09,0.882680966797753,1.0,1.0
700,-0.47803010865319145,-2.0068877115697603e-10,6.0,65700.0,1e-09,0.5762672553478879,1.0,1.0
701,-0.2680268267025911,-3.848258933736304e-10,5.0,60800.0,1e-09,0.32917704152712746,1.0,1.0
702,-2.319176605461491,-1.8807178037150152e-13,28.0,185100.0,1e-09,0.3054754982174944,1.0,1.0
703,-1.1346037505503284,-2.2396529075763283e-12,8.0,76700.0,1e-09,0.7257165437507943,1.0,1.0
704,-1.3071831224704782,0.22256876418432536,101.0,575100.0,1e-09,0.7959389886293181,1.0,0.0
705,-1.2059353387101086,-2.885469641000782e-13,6.0,65800.0,1e-09,0.03733084348088722,1.0,1.0
706,-1.5890386958600446,-8.10185252220208e-13,8.0,77500.0,1e-09,0.5024622785876992,1.0,1.0
707,-0.8659409160831975,-2.5673907444456745e-13,7.0,70900.0,1e-09,0.3367421415534593,1.0,1.0
708,-1.2506091385867413,-1.021405182655144e-14,8.0,76500.0,1e-09,0.41736808318583407,1.0,1.0
709,-1.1198451243345722,-2.623966599557548e-10,9.0,82000.0,1e-09,0.5304981111493065,1.0,1.0
710,-1.8832200879316008,-1.257324244718916e-10,8.0,76700.0,1e-09,0.07333484247434296,1.0,1.0
711,-0.05764943194592026,1.2320006126387284e-14,4.0,54600.0,1e-09,0.010452460432708754,1.0,1.0
712,-1.3837494862563298,-1.0305861719572817e-09,9.0,81800.0,1e-09,0.625467743732999,1.0,1.0
713,-1.1023998446685241,-2.559037981519907e-10,7.0,71100.0,1e-09,0.461221359986027,1.0,1.0
714,-1.6516144346350257,-6.504263794226972e-11,8.0,98800.0,1e-09,0.8466936790329347,1.0,1.0
715,-0.779707870510769,-1.3128159670472428e-10,8.0,77300.0,1e-09,0.8756743034572839,1.0,1.0
716,-0.03454154662483134,3.720843078092173e-13,7.0,71400.0,1e-09,0.9550096526741145,1.0,1.0
717,-1.6396080030036793,-6.660259010971004e-10,7.0,71700.0,1e-09,0.6772433810073201,1.0,1.0
718,-3.140030248490319,-3.885780586188048e-14,36.0,226700.0,1e-09,0.6776894554808466,1.0,1.0
719,-0.6941076477123168,-2.609024107869118e-14,6.0,66800.0,1e-09,0.16820867198211054,1.0,1.0
720,-0.6698221239563444,-5.128114599628475e-10,6.0,65000.0,1e-09,0.7591473968576523,1.0,1.0
721,-1.1169988539313485,-8.43769498715119e-15,14.0,107500.0,1e-09,0.7463039152338371,1.0,1.0
722,-1.4012135003204351,-2.1094237467877974e-15,9.0,81800.0,1e-09,0.5963891337893975,1.0,1.0
723,-1.046601285440796,-1.1599837201892171e-09,8.0,76700.0,1e-09,0.20661198423728067,1.0,1.0
724,-0.41543731151130897,5.551115123125783e-17,6.0,66700.0,1e-09,0.7520516736197542,1.0,1.0
725,-1.4030516963577337,-5.168221406393059e-11,7.0,72800.0,1e-09,0.7335528940932264,1.0,1.0
726,-0.902974367885475,-2.5279778270714814e-13,8.0,77000.0,1e-09,0.786553821937703,1.0,1.0
727,-0.5598798217825218,-1.4432899320127035e-15,6.0,66300.0,1e-09,0.02340041193833675,1.0,1.0
728,-32.831715624227876,-1.765239465711943e-08,92.0,533000.0,1e-09,0.48112956237773774,1.0,1.0
729,-1.1580996117150575,-1.2252130421330776e-09,7.0,72000.0,1e-09,0.35381275799221545,1.0,1.0
730,-0.8012000038780901,0.0,8.0,78000.0,1e-09,0.5645943940858301,1.0,1.0
731,-0.19784508028401235,2.919886554764162e-14,7.0,71400.0,1e-09,0.9537892925972653,1.0,1.0
732,-0.07630461667258004,-1.5251688800788088e-14,5.0,60400.0,1e-09,0.5486342467777776,1.0,1.0
733,-1.5878044973615713,0.0,8.0,114700.0,1e-09,0.83274312352953,1.0,1.0
734,-1.0542775800617543,-4.218847493575595e-15,8.0,77000.0,1e-09,0.23846241724496997,1.0,1.0
735,-0.9928327486841442,-2.0762641605998056e-11,9.0,82000.0,1e-09,0.49029023262368077,1.0,1.0
736,-0.5130795228166486,0.0,7.0,72400.0,1e-09,0.551782204922481,1.0,1.0
737,-2.3979071746464182,1.6653345369377348e-16,21.0,149800.0,1e-09,0.24872531615276072,1.0,1.0
738,-0.8525831002457093,-8.598677325721837e-14,8.0,77100.0,1e-09,0.25653747581014474,1.0,1.0
739,-1.025216264179625,-2.3759882950002975e-12,8.0,76500.0,1e-09,0.8434207122989085,1.0,1.0
740,-0.7393296658900921,-2.2282659051242604e-10,7.0,72100.0,1e-09,0.9509458318297694,1.0,1.0
741,-3.822901235878313,-1.5543122344752192e-15,64.0,381300.0,1e-09,0.7893863776649824,1.0,1.0
742,-0.04997289772894994,1.2663481374630692e-16,6.0,66100.0,1e-09,0.20338040641422905,1.0,1.0
743,-0.9386566318284216,0.0,7.0,71400.0,1e-09,0.9330639589214406,1.0,1.0
744,-0.9266589557534786,-1.3135548204701308e-11,12.0,98700.0,1e-09,0.842028603652006,1.0,1.0
745,-0.21329747841305835,-2.2208279659707841e-10,6.0,65600.0,1e-09,0.9724758871892885,1.0,1.0
746,-1.1353133558346806,-1.0188772048280725e-10,6.0,65600.0,1e-09,0.03683198958162548,1.0,1.0
747,-0.9341871244798046,-8.881784197001252e-16,7.0,71700.0,1e-09,0.3417851174550589,1.0,1.0
748,-0.7557058922797377,-7.891298725581919e-12,6.0,65800.0,1e-09,0.2760897030672558,1.0,1.0
749,-0.6146513377192274,1.1857181902996672e-13,6.0,65700.0,1e-09,0.8363431789676221,1.0,1.0
750,-2.639373782294885,-1.5576429035490946e-13,10.0,87600.0,1e-09,0.6469676006816795,1.0,1.0
751,-0.265477807587023,-2.6339236347538986e-11,6.0,113500.0,1e-09,0.9508792268468734,1.0,1.0
752,-6.142090400448516,-3.9535041906901824e-13,57.0,637300.0,1e-09,0.19032938159513968,1.0,1.0
753,-0.14835589255946993,1.557087792036782e-14,6.0,106700.0,1e-09,0.4479328880109773,1.0,1.0
754,-1.8386821356477108,0.0,8.0,95700.0,1e-09,0.48681144656040076,1.0,1.0
755,-1.2170225151249179,-2.1094237467877974e-15,10.0,128600.0,1e-09,0.5548403811967229,1.0,1.0
756,-2.0360191691449425,-5.410171199926594e-10,10.0,88000.0,1e-09,0.213334491233094,1.0,1.0
757,-2.1854424814643116,-1.887379141862766e-15,12.0,98800.0,1e-09,0.08546576608200629,1.0,1.0
758,-0.3892391753948533,-1.3322676295501878e-15,6.0,66300.0,1e-09,0.8737494632709493,1.0,1.0
759,-0.5043094295577701,-3.477773624638303e-13,6.0,65600.0,1e-09,0.7629875506235715,1.0,1.0
760,-1.113413873322935,-1.4148154869886298e-09,8.0,77000.0,1e-09,0.5204896090559802,1.0,1.0
761,-1.784731154431941,-4.43125536264688e-11,5.0,60300.0,1e-09,0.5779720121243213,1.0,1.0
762,-44.94044652215664,-7.160588788579503e-11,45.0,285300.0,1e-09,0.5401550767686509,1.0,1.0
763,-0.8863243329275114,-8.828493491819245e-13,6.0,67000.0,1e-09,0.4325915033867036,1.0,1.0
764,-1.0891078471213884,0.0,7.0,72100.0,1e-09,0.2689246352109079,1.0,1.0
765,4.472814226103078,23.26379604689373,101.0,576800.0,1e-09,0.3003789702550411,1.0,0.0
766,-1.2035203059343977,-4.2532644073389747e-13,9.0,85600.0,1e-09,0.6308399154797046,1.0,1.0
767,-0.4880689185310854,-1.9101387138675818e-13,6.0,66300.0,1e-09,0.3831210866482362,1.0,1.0
768,-0.810012627164702,8.104628079763643e-15,6.0,66000.0,1e-09,0.6281351924234245,1.0,1.0
769,-2.736971963652314,4.996003610813204e-16,8.0,112800.0,1e-09,0.4647138167826351,1.0,1.0
770,-7.36404430069052,-4.1822101337629647e-13,23.0,159600.0,1e-09,0.08558926170411962,1.0,1.0
771,-0.001062744268650937,3.125694581634919e-12,6.0,65600.0,1e-09,0.7515641867506818,1.0,1.0
772,-1.6071132516748468,-3.3306690738754696e-16,7.0,72200.0,1e-09,0.9075177965647154,1.0,1.0
773,-1.1898164509209386,-8.87204754107529e-10,7.0,71800.0,1e-09,0.6647215094141027,1.0,1.0
774,-0.5652215359095769,-5.80153147744511e-11,7.0,72000.0,1e-09,0.8809765117720566,1.0,1.0
775,-1.007147158275675,-4.038864798161512e-10,7.0,70900.0,1e-09,0.8645198563914765,1.0,1.0
776,-7.419261892026784,-5.970224314921779e-13,29.0,189000.0,1e-09,0.5860874240676209,1.0,1.0
777,-0.11434367648803821,1.1670622801496222e-10,5.0,60700.0,1e-09,0.2956069464168223,1.0,1.0
778,-1.3040259182570388,1.1102230246251565e-16,8.0,76600.0,1e-09,0.12794936292397385,1.0,1.0
779,-0.357006502852183,1.8237619747729639e-10,7.0,70200.0,1e-09,0.7818690905132548,1.0,1.0
780,0.13408299685667746,0.30208179393936824,101.0,589700.0,1e-09,0.07666693630349686,1.0,0.0
781,-1.8857570648431317,-1.55545021307546e-11,78.0,475500.0,1e-09,0.8943436825001122,1.0,1.0
782,-3.1249869607909684,-5.844658090836674e-12,17.0,126100.0,1e-09,0.6047176338951489,1.0,1.0
783,-1.06998633434219,-3.397282455352979e-14,9.0,82900.0,1e-09,0.2309195003185489,1.0,1.0
784,-1.135487378852207,-5.597744490160039e-12,7.0,71400.0,1e-09,0.8913528046506255,1.0,1.0
785,-1.0857581164284897,-3.3306690738754696e-16,8.0,79900.0,1e-09,0.386712828127456,1.0,1.0
786,-3.9128222783009523,-4.440892098500626e-16,18.0,247000.0,1e-09,0.6812818148688178,1.0,1.0
787,-0.6072039431411078,-4.884981308350689e-15,7.0,70900.0,1e-09,0.4611518971248466,1.0,1.0
788,-1.8739049699506738,-9.663060906994758e-10,15.0,113700.0,1e-09,0.8723433683597024,1.0,1.0
789,-2.196010233134654,-3.319566843629218e-14,6.0,65800.0,1e-09,0.43431332529141353,1.0,1.0
790,-0.44787081144597307,0.04947356687195065,101.0,579000.0,1e-09,0.06042386496332919,1.0,0.0
791,-1.4641598092564572,-1.4432899320127035e-14,7.0,71400.0,1e-09,0.09492726718952904,1.0,1.0
792,-6.423011598473103,-1.4919465662899256e-10,91.0,525200.0,1e-09,0.3802727092542808,1.0,1.0
793,-0.20550272359091268,-2.7755575615628914e-17,5.0,61000.0,1e-09,0.08485548105594609,1.0,1.0
794,-0.04804192132629448,7.585841677038019e-12,5.0,83600.0,1e-09,0.21852409418895613,1.0,1.0
795,-14.968085942451035,-1.8096635301390052e-14,26.0,203300.0,1e-09,0.21942657957941292,1.0,1.0
796,-0.7283443015761532,-9.825473767932635e-15,11.0,119000.0,1e-09,0.8853271109903738,1.0,1.0
797,-13.08164883615697,3.885780586188048e-16,50.0,306600.0,1e-09,0.9490772304824209,1.0,1.0
798,-0.22839374539182994,-2.650289709915654e-11,6.0,66900.0,1e-09,0.9276110237006306,1.0,1.0
799,-1.3675926904792963,-8.434897225129134e-11,7.0,72100.0,1e-09,0.3237864898291489,1.0,1.0
800,-1.0317860179323486,-3.3306690738754696e-16,7.0,70800.0,1e-09,0.9711214640972764,1.0,1.0
801,-3.2600343056613936,-2.8030022747316252e-11,49.0,303800.0,1e-09,0.6301361228509839,1.0,1.0
802,-0.8594504856790979,-1.009290095943527e-09,6.0,66800.0,1e-09,0.9680406490714227,1.0,1.0
803,-1.2108256132263302,-2.239763929878791e-12,5.0,61300.0,1e-09,0.5889230074404824,1.0,1.0
804,-2.8539112051143025,-2.5587637564328247e-10,24.0,183300.0,1e-09,0.7711240627075578,1.0,1.0
805,0.9372337451922637,1.6314000436133294,101.0,571700.0,1e-09,0.3304960580406565,1.0,0.0
806,-0.05485570379425761,6.472600233564663e-14,4.0,59300.0,1e-09,0.1087746797433603,1.0,1.0
807,-1.2044529104953705,-1.207028921257347e-11,11.0,93700.0,1e-09,0.9485959386373485,1.0,1.0
808,-0.7193038626395218,3.885780586188048e-16,7.0,75800.0,1e-09,0.8123187549585454,1.0,1.0
809,-0.618048465847838,-2.8632651805082787e-13,7.0,71200.0,1e-09,0.30872989711705745,1.0,1.0
810,0.16505461698548976,0.04948697967531484,101.0,598700.0,1e-09,0.6044245811870961,1.0,0.0
811,-2.2198625932308755,-1.0748768541901654e-10,9.0,83200.0,1e-09,0.7730964038557926,1.0,1.0
812,-0.3005070360700544,-8.604228440844963e-16,5.0,60600.0,1e-09,0.3131590839349493,1.0,1.0
813,-0.268772658746613,-9.71445146547012e-16,6.0,66300.0,1e-09,0.45752080810821516,1.0,1.0
814,-0.4118448069543474,-1.3877787807814457e-17,8.0,80900.0,1e-09,0.7719183626178633,1.0,1.0
815,-1.9605405637464937,0.0,12.0,102100.0,1e-09,0.20564636271983328,1.0,1.0
816,-0.11505350919130522,-1.1421419365831298e-14,6.0,67300.0,1e-09,0.6635614352025334,1.0,1.0
817,-0.4176439408949227,-5.442257755561286e-12,5.0,60200.0,1e-09,0.258167104499718,1.0,1.0
818,-0.036372114833342135,1.457167719820518e-16,5.0,60300.0,1e-09,0.07097707427289623,1.0,1.0
819,-1.627122840140811,-8.64863736182997e-14,8.0,78900.0,1e-09,0.12824840089549217,1.0,1.0
820,-1.5448373651687934,-1.1102230246251565e-16,9.0,83400.0,1e-09,0.16533333175344989,1.0,1.0
821,0.1928394995645213,0.6795822668622914,101.0,599000.0,1e-09,0.22079503740528472,1.0,0.0
822,-1.5338272485130262,-1.5308855294549062e-09,5.0,60700.0,1e-09,0.16405506119604618,1.0,1.0
823,-0.5196061179610705,-3.703648498998291e-11,5.0,60200.0,1e-09,0.4463705844117407,1.0,1.0
824,-1.1881912327269173,-5.240252676230739e-14,11.0,115400.0,1e-09,0.9657928367213009,1.0,1.0
825,-1.6052668944523603,-1.7617185488205678e-11,14.0,112100.0,1e-09,0.9034134894243139,1.0,1.0
826,-0.7295976914088282,-4.0467629247586956e-14,6.0,66900.0,1e-09,0.06590909952893409,1.0,1.0
827,-1.5983893957894615,-3.500422174340656e-12,6.0,69100.0,1e-09,0.11940882219566318,1.0,1.0
828,-0.25031581603195874,1.6797674362578618e-13,5.0,61600.0,1e-09,0.3763002443962219,1.0,1.0
829,-1.072155631491505,1.1102230246251565e-16,6.0,65900.0,1e-09,0.7238245188510481,1.0,1.0
830,-0.8322186771804193,-8.426592756904938e-14,5.0,61200.0,1e-09,0.04899708831403882,1.0,1.0
831,-1.3433028467855899,-5.551115123125783e-17,12.0,99000.0,1e-09,0.9923149581307454,1.0,1.0
832,-0.24960713822641886,6.661338147750939e-16,7.0,74400.0,1e-09,0.9163566394748551,1.0,1.0
833,-0.9009566553813645,-4.9258375156568945e-12,8.0,77400.0,1e-09,0.023461589348166,1.0,1.0
834,-0.5506979798790671,-5.551115123125783e-17,6.0,66000.0,1e-09,0.5262694259211743,1.0,1.0
835,-0.9710088826507582,-9.294010006044573e-12,10.0,88400.0,1e-09,0.033008983455072194,1.0,1.0
836,-4.43860718812348,-1.9407109252966848e-10,26.0,260400.0,1e-09,0.13980685174872465,1.0,1.0
837,-0.9442693272841538,-9.992007221626409e-16,11.0,94800.0,1e-09,0.5707155013304455,1.0,1.0
838,-0.4842836281019791,4.2732484217822275e-13,7.0,72200.0,1e-09,0.9930913031970794,1.0,1.0
839,-0.07105102852416259,6.938893903907228e-18,6.0,81600.0,1e-09,0.44818639932632,1.0,1.0
840,-0.02139447770137794,5.620504062164855e-16,6.0,67300.0,1e-09,0.9629618426888074,1.0,1.0
841,-3.2153515575150258,-2.1491844415244543e-10,17.0,126200.0,1e-09,0.45277240458701984,1.0,1.0
842,-1.7119079754398547,8.326672684688674e-17,9.0,81700.0,1e-09,0.4968981972494604,1.0,1.0
843,-0.024944920873336655,5.55805401702969e-15,7.0,71600.0,1e-09,0.7401300276960969,1.0,1.0
844,-0.03727711829047649,1.5498191272000916e-11,6.0,67300.0,1e-09,0.5148913045025202,1.0,1.0
845,-0.4745609776617375,-9.674677725612923e-12,8.0,77000.0,1e-09,0.8889346082477698,1.0,1.0
846,-0.43359561302980976,-6.059042156891792e-14,6.0,66800.0,1e-09,0.1322256237359385,1.0,1.0
847,-1.3298627124362559,-3.416136817868676e-11,76.0,554100.0,1e-09,0.8737165389859279,1.0,1.0
848,-0.012525180981088848,1.510017978711975e-11,5.0,61900.0,1e-09,0.4369866284533397,1.0,1.0
849,-0.298595862804415,2.892130979148533e-14,7.0,72000.0,1e-09,0.5256508871669713,1.0,1.0
850,-1.0140787549378014,-2.8985702726913587e-12,5.0,61000.0,1e-09,0.4931010790823248,1.0,1.0
851,-0.19157154552626732,3.885780586188048e-14,7.0,89600.0,1e-09,0.6863385846841885,1.0,1.0
852,-1.1376250320272154,-1.2759160394892888e-10,6.0,67100.0,1e-09,0.7938880690464106,1.0,1.0
853,-0.6855247836937798,-9.226852615284997e-10,6.0,66600.0,1e-09,0.8395378939531175,1.0,1.0
854,-0.4573771306229118,-3.497202527569243e-15,7.0,87500.0,1e-09,0.8269220946451433,1.0,1.0
855,-0.09693438188761071,-1.662558979376172e-14,5.0,61800.0,1e-09,0.6487854503927828,1.0,1.0
856,-0.1483478072776612,3.505529200253932e-14,7.0,91800.0,1e-09,0.6632298669179809,1.0,1.0
857,-0.9950821091380345,0.4079494967246915,101.0,578300.0,1e-09,0.9937026125783323,1.0,0.0
858,-0.9972167377735635,-2.5384006008266624e-10,6.0,69600.0,1e-09,0.3453245024839945,1.0,1.0
859,-0.7804777093371356,-1.98697718001295e-10,20.0,142700.0,1e-09,0.9730363946934909,1.0,1.0
860,-11.966447419681392,-5.7394200503324555e-11,90.0,547000.0,1e-09,0.20675440735232897,1.0,1.0
861,-1.5543145208598317,2.8587132661073156e-12,6.0,66600.0,1e-09,0.015784222029245676,1.0,1.0
862,-1.0083638697882453,-7.078337915800148e-12,9.0,82000.0,1e-09,0.7737844747673078,1.0,1.0
863,-0.2974864569184291,8.326672684688674e-17,5.0,74900.0,1e-09,0.4014665331253595,1.0,1.0
864,-0.7092145006242979,-6.282196984841448e-13,11.0,94100.0,1e-09,0.008041579694614387,1.0,1.0
865,-1.248047327543926,-6.106226635438361e-16,10.0,92200.0,1e-09,0.29748748646572276,1.0,1.0
866,-1.3932834867751995,-1.1102230246251565e-16,7.0,72700.0,1e-09,0.8383179335359704,1.0,1.0
867,-1.5032088619491988,1.1102230246251565e-16,14.0,109500.0,1e-09,0.6630243797978141,1.0,1.0
868,-3.2280651240522165,1.0547118733938987e-15,23.0,177300.0,1e-09,0.47443734239239754,1.0,1.0
869,-0.343590795913699,1.456335052552049e-12,5.0,61200.0,1e-09,0.4425446912459392,1.0,1.0
870,-0.9202008383432286,-7.095990461891688e-12,9.0,83600.0,1e-09,0.9629488389540448,1.0,1.0
871,-1.4558573688037117,-1.7238735994240528e-09,13.0,103300.0,1e-09,0.707085015950028,1.0,1.0
872,-0.6228544696931023,-1.6930901125533637e-15,10.0,89000.0,1e-09,0.8508509794505347,1.0,1.0
873,-19.169746413917444,2.2537527399890678e-14,22.0,154500.0,1e-09,0.8673721988443175,1.0,1.0
874,-11.093892258375272,-4.5630166312093934e-14,98.0,583100.0,1e-09,0.6816360611052626,1.0,1.0
875,-0.8115965501382073,-1.1102230246251565e-16,7.0,75000.0,1e-09,0.8462202258273237,1.0,1.0
876,-1.711429026237467,-1.1102230246251565e-16,7.0,71500.0,1e-09,0.2119728189337866,1.0,1.0
877,-0.46574818674069235,-2.126888942743932e-10,6.0,66200.0,1e-09,0.274163656614298,1.0,1.0
878,-4.292836476803216,-8.326672684688674e-17,41.0,263200.0,1e-09,0.09603274398560935,1.0,1.0
879,-0.9711876424834687,-6.16839912481737e-13,8.0,77200.0,1e-09,0.2734513878054188,1.0,1.0
880,-0.4550162858586744,-1.1037232239274886e-10,6.0,66800.0,1e-09,0.728108835276289,1.0,1.0
881,-0.019095413525312615,1.063247406785095e-11,6.0,65600.0,1e-09,0.6296874074728996,1.0,1.0
882,-0.8680864468996128,-4.440892098500626e-16,7.0,98200.0,1e-09,0.7601569034124873,1.0,1.0
883,-4.219531725142898,-1.4432899320127035e-15,41.0,255900.0,1e-09,0.591060347895543,1.0,1.0
884,-7.344839795189208,-5.772049505026189e-12,48.0,313400.0,1e-09,0.9839331096526879,1.0,1.0
885,-0.19745015072417252,3.0908123282991085e-12,8.0,77800.0,1e-09,0.3960615214763603,1.0,1.0
886,-0.8067120341458275,-1.8185453143360064e-13,9.0,82200.0,1e-09,0.4557551649742493,1.0,1.0
887,-11.711560105826932,-9.912786147481256e-10,32.0,322600.0,1e-09,0.06188054238261942,1.0,1.0
888,-0.4150046438344499,-4.867550806864074e-12,6.0,66800.0,1e-09,0.8071245267757964,1.0,1.0
889,-6.632049594816101,-6.661338147750939e-16,20.0,149400.0,1e-09,0.7938049544992868,1.0,1.0
890,-0.8888246141486121,-2.220446049250313e-16,7.0,71000.0,1e-09,0.6591002475938039,1.0,1.0
891,-1.5956059145998545,-4.440892098500626e-16,9.0,82500.0,1e-09,0.28514796787016805,1.0,1.0
892,-0.6200105910592989,-1.842679342445308e-09,5.0,60800.0,1e-09,0.3209711787079681,1.0,1.0
893,-10.509171916232246,-1.4432899320127035e-15,17.0,216300.0,1e-09,0.3386485193562996,1.0,1.0
894,-1.306601489181316,-2.220446049250313e-16,19.0,138599.0,1e-09,0.5540565633729806,1.0,1.0
895,-0.9995420226599827,-8.060219158778636e-13,6.0,66700.0,1e-09,0.412246672125961,1.0,1.0
896,-0.7749702971935051,-2.3581137043038325e-13,7.0,72300.0,1e-09,0.3902232834815472,1.0,1.0
897,-1.3432645872597229,-3.7969627442180354e-14,7.0,90900.0,1e-09,0.35425295266273726,1.0,1.0
898,-2.045273765396487,-7.545075675352564e-13,11.0,93000.0,1e-09,0.5730177568289899,1.0,1.0
899,-1.5161997131533438,-4.6629367034256575e-15,10.0,87300.0,1e-09,0.9348852276394835,1.0,1.0
900,-0.7249130390842641,0.0,8.0,77000.0,1e-09,0.7481399883887575,1.0,1.0
901,-0.5445301775732695,6.606937219544307e-13,8.0,77100.0,1e-09,0.9476157788532081,1.0,1.0
902,-0.8277963457533639,-1.778804881169549e-11,9.0,86100.0,1e-09,0.7839788154587715,1.0,1.0
903,-0.9739534421066846,0.0,9.0,82700.0,1e-09,0.6155584509045273,1.0,1.0
904,-0.031448979936125714,5.585809592645319e-16,7.0,71600.0,1e-09,0.9377369187216937,1.0,1.0
905,-0.9870584440088478,-2.0249912857650543e-12,7.0,71100.0,1e-09,0.7759233012312071,1.0,1.0
906,-1.1284236564016001,-3.878763976672417e-11,5.0,61900.0,1e-09,0.43556225640189383,1.0,1.0
907,-0.46627646414192425,-9.460127126104112e-11,5.0,64800.0,1e-09,0.7717432952851166,1.0,1.0
908,-1.5034096702069075,-2.2148949341271873e-14,15.0,134800.0,1e-09,0.5407217038859713,1.0,1.0
909,-1.4212440598198341,-2.958999711921706e-11,8.0,77200.0,1e-09,0.2485894080768899,1.0,1.0
910,-0.5448182606052407,-2.7755575615628914e-17,6.0,66300.0,1e-09,0.25057120443688496,1.0,1.0
911,-1.4622219494911821,-1.7391199591543227e-11,15.0,115300.0,1e-09,0.48824322338042214,1.0,1.0
912,-0.6025609004823268,-1.1711964731375701e-11,6.0,66600.0,1e-09,0.6233716837212593,1.0,1.0
913,-1.0819569054592035,-2.0441981440910695e-14,18.0,131000.0,1e-09,0.8649415005696733,1.0,1.0
914,-1.0881565917178986,-2.919886554764162e-14,11.0,93200.0,1e-09,0.1419253720059077,1.0,1.0
915,-0.5829833099078914,-8.326672684688674e-17,7.0,72300.0,1e-09,0.7713664601217276,1.0,1.0
916,-0.6922584454558525,-2.8227420401094605e-13,5.0,61200.0,1e-09,0.34938109539867446,1.0,1.0
917,-1.3292626394804368,-8.155444097823761e-10,9.0,82400.0,1e-09,0.853706825143438,1.0,1.0
918,-0.37104760384668495,5.551115123125783e-17,6.0,66500.0,1e-09,0.4490441707592975,1.0,1.0
919,-0.7429429992497142,-1.1504130981165872e-12,6.0,85200.0,1e-09,0.7433387684207624,1.0,1.0
920,-0.324904015268016,-5.87446757904786e-13,6.0,66900.0,1e-09,0.5919174233325804,1.0,1.0
921,-0.5139314728893938,-8.888445535149003e-12,10.0,87400.0,1e-09,0.9261007631455641,1.0,1.0
922,-0.7156105082291904,-1.340039190722564e-13,7.0,72800.0,1e-09,0.5383506174783369,1.0,1.0
923,-0.7526536729174008,-3.0430102881950916e-12,8.0,76900.0,1e-09,0.8272312158944163,1.0,1.0
924,-1.0180307890540414,-3.9830572173826795e-10,6.0,70300.0,1e-09,0.2223663876369556,1.0,1.0
925,-0.9130436439371574,-1.696498497238963e-11,7.0,72600.0,1e-09,0.6072396797362263,1.0,1.0
926,-0.7437652843553779,-1.723066134218243e-13,7.0,72300.0,1e-09,0.40702954133844005,1.0,1.0
927,-0.6556172138677516,-4.274358644806853e-15,7.0,89500.0,1e-09,0.29849602742125747,1.0,1.0
928,-3.346857813751428,-1.554312234475219e-14,17.0,128400.0,1e-09,0.359445670440386,1.0,1.0
929,-0.1593887627706312,1.9276108487176202e-12,7.0,70900.0,1e-09,0.6756679807005079,1.0,1.0
930,-1.6236144459236421,-3.7167557920270156e-10,5.0,60300.0,1e-09,0.22648507128782835,1.0,1.0
931,-1.2855987724941975,-7.518452527222053e-11,22.0,150800.0,1e-09,0.18979061405938347,1.0,1.0
932,-2.0849760534424355,2.220446049250313e-16,9.0,84500.0,1e-09,0.23276135368431394,1.0,1.0
933,-0.9901736727380214,-4.7046810891515634e-11,6.0,66600.0,1e-09,0.9831178495387053,1.0,1.0
934,-1.2592419370410528,-3.3306690738754696e-16,10.0,87400.0,1e-09,0.9373001318995474,1.0,1.0
935,-6.8022080673436385,3.3306690738754696e-16,35.0,248800.0,1e-09,0.08730914834225789,1.0,1.0
936,-0.7709364367905615,-1.0658141036401503e-14,5.0,61700.0,1e-09,0.2651243111541447,1.0,1.0
937,-0.4732632675119497,6.02337763000449e-11,5.0,60700.0,1e-09,0.6053370317557553,1.0,1.0
938,-0.45379033298043864,-2.0678125878248466e-11,5.0,60800.0,1e-09,0.4367244559799719,1.0,1.0
939,-0.9916058414048319,-2.145950084297965e-12,10.0,89900.0,1e-09,0.7034884315915384,1.0,1.0
940,-6.895264732505356,-2.1094237467877974e-14,21.0,148400.0,1e-09,0.5422655102805817,1.0,1.0
941,-1.469712503523493,-1.8818280267396403e-13,10.0,91500.0,1e-09,0.24744874203813239,1.0,1.0
942,-0.44698195882528463,-3.8081177100579566e-11,7.0,71300.0,1e-09,0.8416123126861521,1.0,1.0
943,-19.426814349368215,-3.3306690738754696e-15,29.0,209500.0,1e-09,0.9465255255945161,1.0,1.0
944,-0.5434437497297644,-5.551115123125783e-16,8.0,80400.0,1e-09,0.8833402392518015,1.0,1.0
945,-1.1190422764909724,-6.348621628404771e-10,12.0,100300.0,1e-09,0.3716600986529638,1.0,1.0
946,-1.2604560688982092,-1.5168533096243664e-11,7.0,73100.0,1e-09,0.349725638591148,1.0,1.0
947,-2.000419855819145,0.0,31.0,203500.0,1e-09,0.38384343361277284,1.0,1.0
948,-0.6893760250368212,-3.540501225529624e-13,5.0,62900.0,1e-09,0.3227956875313719,1.0,1.0
949,-0.5907406541943696,1.2212453270876722e-15,5.0,61100.0,1e-09,0.1796527303358565,1.0,1.0
950,-2.324284927916126,-4.9960036108132044e-15,29.0,191700.0,1e-09,0.48426595179213583,1.0,1.0
951,-0.34566601104963823,-3.94595189856517e-11,5.0,60800.0,1e-09,0.5321899953082175,1.0,1.0
952,-1.8488007389255279,-1.0710321518558885e-12,12.0,101700.0,1e-09,0.2560432553395511,1.0,1.0
953,-0.8457816574768489,-3.6637359812630166e-15,7.0,71800.0,1e-09,0.7675435867420268,1.0,1.0
954,-1.3199475490177603,-1.0330752919784914e-09,5.0,61000.0,1e-09,0.03716761548064651,1.0,1.0
955,-0.7890922240064653,-3.5227532002579665e-10,5.0,155900.0,1e-09,0.20925652481532087,1.0,1.0
956,-0.31603648844249677,-8.278372432002357e-11,6.0,67800.0,1e-09,0.8904882979185312,1.0,1.0
957,-0.0659442524893214,0.16165774826227886,101.0,767800.0,1e-09,0.26276371341720706,1.0,0.0
958,-0.6170790260482154,-9.020562075079397e-17,14.0,125400.0,1e-09,0.7017612143892485,1.0,1.0
959,-0.7540586183102911,-7.1201933238285164e-12,4.0,55400.0,1e-09,0.1570070934739476,1.0,1.0
960,-1.381463042966112,-2.2513102493348924e-12,7.0,71700.0,1e-09,0.8724078555494176,1.0,1.0
961,-2.6008978554224007,-3.3306690738754696e-16,33.0,212700.0,1e-09,0.7102174628145406,1.0,1.0
962,-4.824019486979397,-8.229411596616387e-11,11.0,93600.0,1e-09,0.023938429496096036,1.0,1.0
963,-0.2963219812163716,4.388511776198811e-11,9.0,82700.0,1e-09,0.913294967932053,1.0,1.0
964,-0.5856391481603449,-1.0090539515061892e-13,8.0,76700.0,1e-09,0.4411923659171302,1.0,1.0
965,-1.3460210608307441,-1.5055973134892042e-10,23.0,156000.0,1e-09,0.6913902285351936,1.0,1.0
966,-1.1433571650416996,-1.3318235403403378e-12,8.0,78400.0,1e-09,0.9290283966762375,1.0,1.0
967,-0.5753143580043056,-3.221201083647429e-12,6.0,70100.0,1e-09,0.9585675965299733,1.0,1.0
968,0.2912101596701553,0.6571197471987602,101.0,572600.0,1e-09,0.17882870678588614,1.0,0.0
969,-1.0365901682688181,-2.041700142285663e-13,5.0,66000.0,1e-09,0.8588749453182517,1.0,1.0
970,-0.10887214063100722,7.632783294297951e-17,8.0,78100.0,1e-09,0.336966487939397,1.0,1.0
971,-1.0443923898108793,-1.1752804285336538e-10,7.0,71700.0,1e-09,0.08779409047282538,1.0,1.0
972,-1.7849967423308868,-2.220446049250313e-16,8.0,77400.0,1e-09,0.9809833885823926,1.0,1.0
973,-0.8004520869088964,0.0,7.0,72200.0,1e-09,0.25410500215266574,1.0,1.0
974,-1.005984731621719,-3.3306690738754696e-16,8.0,77500.0,1e-09,0.201016443457539,1.0,1.0
975,-0.629905360371996,-1.565491847266287e-09,5.0,61100.0,1e-09,0.10069372920212982,1.0,1.0
976,-8.455174163313027,-2.523536934972981e-13,33.0,212300.0,1e-09,0.035334677708106055,1.0,1.0
977,-1.196455940932515,-4.440892098500626e-16,10.0,89100.0,1e-09,0.3674623066911702,1.0,1.0
978,-14.923554855826405,1.1102230246251565e-14,76.0,437800.0,1e-09,0.10547341490996187,1.0,1.0
979,-1.334115930611272,-2.390635467364177e-10,5.0,61600.0,1e-09,0.15479233690872696,1.0,1.0
980,-0.19081430180651476,-3.3227462448159883e-11,6.0,66200.0,1e-09,0.8904333622889486,1.0,1.0
981,-0.6834698899809916,-3.3306690738754696e-16,7.0,73800.0,1e-09,0.7333662393361791,1.0,1.0
982,-0.56674474283619,-1.3145540211922935e-10,5.0,60900.0,1e-09,0.1744425108877934,1.0,1.0
983,-0.9643600204810747,-4.660716257376407e-13,7.0,72100.0,1e-09,0.6954017296978187,1.0,1.0
984,-1.9740162216125228,-4.582112467232946e-12,5.0,61300.0,1e-09,0.09373290125248901,1.0,1.0
985,-0.5768309226208462,5.551115123125783e-17,6.0,66700.0,1e-09,0.19006980771916693,1.0,1.0
986,-1.041476058092505,-2.8033131371785203e-13,7.0,76300.0,1e-09,0.26600321923355086,1.0,1.0
987,-0.4363448294108126,2.7755575615628914e-17,5.0,61200.0,1e-09,0.11891461889274146,1.0,1.0
988,-0.556413896891216,-2.5663859926083887e-11,5.0,61100.0,1e-09,0.03757203608039261,1.0,1.0
989,-0.10841063074654622,-2.393918396847994e-16,6.0,66200.0,1e-09,0.5327037785574842,1.0,1.0
990,-0.9544370428768316,-6.898481785810873e-12,7.0,72300.0,1e-09,0.5999862467547724,1.0,1.0
991,-0.9823636292932129,-9.670042544485113e-14,6.0,70000.0,1e-09,0.5655331938092791,1.0,1.0
992,-0.9397939594804245,-3.596661857230288e-10,6.0,69100.0,1e-09,0.913791437804999,1.0,1.0
993,-0.031048932179021296,5.018337759232772e-10,6.0,67500.0,1e-09,0.6684673116252293,1.0,1.0
994,-0.4686486723829793,-4.8033438337924395e-11,6.0,67200.0,1e-09,0.9587488154932464,1.0,1.0
995,-0.3990770646700387,-8.20357670683336e-12,5.0,61500.0,1e-09,0.638897461580204,1.0,1.0
996,-0.943462263420144,-1.1102230246251565e-16,8.0,82300.0,1e-09,0.5292631998464061,1.0,1.0
997,-1.192174273715814,-2.220446049250313e-16,7.0,72700.0,1e-09,0.08910620810517511,1.0,1.0
998,-3.5046014295466517,-7.549516567451064e-15,13.0,179600.0,1e-09,0.5450529321746073,1.0,1.0
999,-2.120680411752284,-1.6400375502101383e-10,9.0,83700.0,1e-09,0.5789300295458781,1.0,1.0
